paperId,referencedPaperId
a2a514ed839dafdd0fb76d6c2615f25f35bf8087,e67a2817089312746d69b38ce9abfdc4b1bc69c3
a2a514ed839dafdd0fb76d6c2615f25f35bf8087,71dd291b4be0d074982f521ff654468755084a76
a2a514ed839dafdd0fb76d6c2615f25f35bf8087,fe4c5074f021cd1c810892c1b6bc267b23aa6e5c
a2a514ed839dafdd0fb76d6c2615f25f35bf8087,93e6ba25e4c45c3f204a09b6a6b8b02bd3596091
a2a514ed839dafdd0fb76d6c2615f25f35bf8087,4bc8bd72ffa9bda2e3a7aef483008935a7a97656
a2a514ed839dafdd0fb76d6c2615f25f35bf8087,d69216947188267d5537ee0f0501b2d960ecc457
a2a514ed839dafdd0fb76d6c2615f25f35bf8087,5a35594dd9e5a820da6aab58f48f1b13c7e2601b
a2a514ed839dafdd0fb76d6c2615f25f35bf8087,a604aa1f2a2ca1a6a0b09013e71b83d36cc0f358
a2a514ed839dafdd0fb76d6c2615f25f35bf8087,55a4e4a42cd86fac55491d089d07d04f09dcf957
a2a514ed839dafdd0fb76d6c2615f25f35bf8087,4578871d2b271e4b5473c9cb81d431d6bf58c607
a2a514ed839dafdd0fb76d6c2615f25f35bf8087,689c7a86d973895a14feb984b8faa3d5581038ef
a2a514ed839dafdd0fb76d6c2615f25f35bf8087,9d64757a08ba95ded2ac92f738162a101336b78b
a2a514ed839dafdd0fb76d6c2615f25f35bf8087,7c70459d56214a7a3202732670f5ce726508eff6
a2a514ed839dafdd0fb76d6c2615f25f35bf8087,59f1df2f60280eea79d195b9c561d52a77fb24de
a2a514ed839dafdd0fb76d6c2615f25f35bf8087,283ae048d4bd7603bbf7bdae059580079439e1b8
a2a514ed839dafdd0fb76d6c2615f25f35bf8087,dba7c73503c4b7abad96aaa4a167fd7e701c4059
a2a514ed839dafdd0fb76d6c2615f25f35bf8087,89cd8b0a7fc77b6d499644548f25f47ed03c5270
a2a514ed839dafdd0fb76d6c2615f25f35bf8087,89ce0f3479754c3b3fb158a0ae28610dc69aff25
a2a514ed839dafdd0fb76d6c2615f25f35bf8087,99ec2850819ab210dbad5c24247d31deaa853fa7
a2a514ed839dafdd0fb76d6c2615f25f35bf8087,27e61c816c7d987707109ef3a2d9c33d767dbdd9
a2a514ed839dafdd0fb76d6c2615f25f35bf8087,74b2c1bce3963fbb1300dc0995b9e275f3393cb9
a2a514ed839dafdd0fb76d6c2615f25f35bf8087,
a2a514ed839dafdd0fb76d6c2615f25f35bf8087,ecb7e7283ba4c88a1e5c1d54d30c18335e6a964b
a2a514ed839dafdd0fb76d6c2615f25f35bf8087,d2e4fb59b2bf04a0b324db22ed6caf97ffd8f56a
a2a514ed839dafdd0fb76d6c2615f25f35bf8087,
a2a514ed839dafdd0fb76d6c2615f25f35bf8087,fc881e8d0432ea8e4dd5fda4979243cac5e4b9e3
a2a514ed839dafdd0fb76d6c2615f25f35bf8087,
a2a514ed839dafdd0fb76d6c2615f25f35bf8087,
a2a514ed839dafdd0fb76d6c2615f25f35bf8087,
a2a514ed839dafdd0fb76d6c2615f25f35bf8087,
6c755fc901d0b41a5d73c265f64a5aacf62e83b8,0b083953239d0617b534a0d76762fa8350db4e6f
6c755fc901d0b41a5d73c265f64a5aacf62e83b8,e67a2817089312746d69b38ce9abfdc4b1bc69c3
6c755fc901d0b41a5d73c265f64a5aacf62e83b8,8356864e3802eaee426a1fec7ea838bf8d7d7e57
6c755fc901d0b41a5d73c265f64a5aacf62e83b8,49a63e92b1b0e744aca058edfd0bdf60c59d859c
6c755fc901d0b41a5d73c265f64a5aacf62e83b8,d69216947188267d5537ee0f0501b2d960ecc457
6c755fc901d0b41a5d73c265f64a5aacf62e83b8,a604aa1f2a2ca1a6a0b09013e71b83d36cc0f358
6c755fc901d0b41a5d73c265f64a5aacf62e83b8,55a4e4a42cd86fac55491d089d07d04f09dcf957
6c755fc901d0b41a5d73c265f64a5aacf62e83b8,afe18b71fa5b215a554a2da141f677081fac4503
6c755fc901d0b41a5d73c265f64a5aacf62e83b8,ad98af3aeb923f14c3afcc8aa481540779d1cf5c
6c755fc901d0b41a5d73c265f64a5aacf62e83b8,a49a96c561c10177764e63817fecf814b04a1739
6c755fc901d0b41a5d73c265f64a5aacf62e83b8,4578871d2b271e4b5473c9cb81d431d6bf58c607
6c755fc901d0b41a5d73c265f64a5aacf62e83b8,26ca95a72994fdba1c1855eb6b699f98c992b5f4
6c755fc901d0b41a5d73c265f64a5aacf62e83b8,7c70459d56214a7a3202732670f5ce726508eff6
6c755fc901d0b41a5d73c265f64a5aacf62e83b8,1c3ae8d6928872f5adcdb73b0d1fb2838899b563
6c755fc901d0b41a5d73c265f64a5aacf62e83b8,bb2fae2c2f24084fc3ece9001eb96041b804b1b7
6c755fc901d0b41a5d73c265f64a5aacf62e83b8,d93bcf0685c15c45d078eafea565969c04daccd3
6c755fc901d0b41a5d73c265f64a5aacf62e83b8,1ba250d66f1f70adf76080ae4da3db88d25eaa58
6c755fc901d0b41a5d73c265f64a5aacf62e83b8,c4190b294381806cc9eb12440a7fced1004ece71
6c755fc901d0b41a5d73c265f64a5aacf62e83b8,3b1bae14269d1e3bbb45f79bb471af3bd0bf4e1e
6c755fc901d0b41a5d73c265f64a5aacf62e83b8,74b2c1bce3963fbb1300dc0995b9e275f3393cb9
6c755fc901d0b41a5d73c265f64a5aacf62e83b8,6d9fccbcb8695ead9c11411082310664579aaa44
6c755fc901d0b41a5d73c265f64a5aacf62e83b8,c4c9df0db1922f5626758ea6293cc9e599b91be1
6c755fc901d0b41a5d73c265f64a5aacf62e83b8,
6c755fc901d0b41a5d73c265f64a5aacf62e83b8,
6c755fc901d0b41a5d73c265f64a5aacf62e83b8,
6c755fc901d0b41a5d73c265f64a5aacf62e83b8,
6c755fc901d0b41a5d73c265f64a5aacf62e83b8,
6c755fc901d0b41a5d73c265f64a5aacf62e83b8,78a2a5f429ba5b2df22ce97b9b443f0fb769e46c
6c755fc901d0b41a5d73c265f64a5aacf62e83b8,fc881e8d0432ea8e4dd5fda4979243cac5e4b9e3
6c755fc901d0b41a5d73c265f64a5aacf62e83b8,
6c755fc901d0b41a5d73c265f64a5aacf62e83b8,
6c755fc901d0b41a5d73c265f64a5aacf62e83b8,
6c755fc901d0b41a5d73c265f64a5aacf62e83b8,
6c755fc901d0b41a5d73c265f64a5aacf62e83b8,
6c755fc901d0b41a5d73c265f64a5aacf62e83b8,
61c931d50f3e32f70abf1bccddf2479212dd2fde,5abf79226a8ffa2dcf33ca98bfc36c8bb01cc4fc
61c931d50f3e32f70abf1bccddf2479212dd2fde,7c9dba2d364fd14d93ec3b5375b151c9cd707d05
61c931d50f3e32f70abf1bccddf2479212dd2fde,bc455a00e67cd9718c4fa4999794530c5ee5989f
61c931d50f3e32f70abf1bccddf2479212dd2fde,bbebeaf5e817b84096dce9d657bf6698320471f1
61c931d50f3e32f70abf1bccddf2479212dd2fde,037891f3cec1f81bfb2fec10e9b294bb25845384
61c931d50f3e32f70abf1bccddf2479212dd2fde,407222cde46ab42d6e5365bd748225160b262aef
61c931d50f3e32f70abf1bccddf2479212dd2fde,4f00435f66a3dee7d5965fe8696c56f67021f1cc
61c931d50f3e32f70abf1bccddf2479212dd2fde,64e4807486c2f58434f05a45d467029e30e61007
61c931d50f3e32f70abf1bccddf2479212dd2fde,b52603ac4d8bfd18128b3d1a9593e9f8744c8040
61c931d50f3e32f70abf1bccddf2479212dd2fde,4cee38d9d088cf021bc5f5b9fda6764feeb1806a
61c931d50f3e32f70abf1bccddf2479212dd2fde,7c70459d56214a7a3202732670f5ce726508eff6
61c931d50f3e32f70abf1bccddf2479212dd2fde,ce2a41d31657c32a4945d79d5902b1576fed3ad8
61c931d50f3e32f70abf1bccddf2479212dd2fde,da4e2841527a68abc9375457d5c8b87db35fa8e2
61c931d50f3e32f70abf1bccddf2479212dd2fde,acc813b2636724749fb88b978a64b885da047f8d
61c931d50f3e32f70abf1bccddf2479212dd2fde,068d0cd2a3519fc76585359afeaff82e431ce9b2
61c931d50f3e32f70abf1bccddf2479212dd2fde,59f1df2f60280eea79d195b9c561d52a77fb24de
61c931d50f3e32f70abf1bccddf2479212dd2fde,283ae048d4bd7603bbf7bdae059580079439e1b8
61c931d50f3e32f70abf1bccddf2479212dd2fde,dab7e605237ad4f4fe56dcba2861b8f0a57112be
61c931d50f3e32f70abf1bccddf2479212dd2fde,eaed7286bba82a3adc56dc17623d82cebe4b34c6
61c931d50f3e32f70abf1bccddf2479212dd2fde,51d6588ff7c1994f035a5a3be8d2e8ca62b78f22
61c931d50f3e32f70abf1bccddf2479212dd2fde,422c689b929e7ae7698ae8ed05bc16bbf637f3a9
61c931d50f3e32f70abf1bccddf2479212dd2fde,f82d09363e9a657749d14e97e9d6d1410331b436
61c931d50f3e32f70abf1bccddf2479212dd2fde,303c976bb9cfc2f4c93113d7ae18085fdfc7a61a
61c931d50f3e32f70abf1bccddf2479212dd2fde,d57ca29d73272e139c04f118d5c3107dfb964596
61c931d50f3e32f70abf1bccddf2479212dd2fde,971bca8117088cd31b8353896559d33fb70c2220
61c931d50f3e32f70abf1bccddf2479212dd2fde,142076521067f39aa0f2b86a01150561257c4ec5
61c931d50f3e32f70abf1bccddf2479212dd2fde,10287acfb08806de28881919978a3da673584b69
61c931d50f3e32f70abf1bccddf2479212dd2fde,682545aa946eb2e5b2663c366ce44172bc076b39
61c931d50f3e32f70abf1bccddf2479212dd2fde,
61c931d50f3e32f70abf1bccddf2479212dd2fde,
61c931d50f3e32f70abf1bccddf2479212dd2fde,
61c931d50f3e32f70abf1bccddf2479212dd2fde,
61c931d50f3e32f70abf1bccddf2479212dd2fde,
61c931d50f3e32f70abf1bccddf2479212dd2fde,
61c931d50f3e32f70abf1bccddf2479212dd2fde,
61c931d50f3e32f70abf1bccddf2479212dd2fde,
61c931d50f3e32f70abf1bccddf2479212dd2fde,
61c931d50f3e32f70abf1bccddf2479212dd2fde,
61c931d50f3e32f70abf1bccddf2479212dd2fde,
61c931d50f3e32f70abf1bccddf2479212dd2fde,36e70ee51cb7b7ec12faac934ae6b6a4d9da15a8
61c931d50f3e32f70abf1bccddf2479212dd2fde,07b520b6ee7b86caa4331cd5365708f6a9647592
61c931d50f3e32f70abf1bccddf2479212dd2fde,ee5adb0944890741d1f6b3c4b2679044ce6f3659
61c931d50f3e32f70abf1bccddf2479212dd2fde,
61c931d50f3e32f70abf1bccddf2479212dd2fde,
61c931d50f3e32f70abf1bccddf2479212dd2fde,
61c931d50f3e32f70abf1bccddf2479212dd2fde,04129379d4120364c8ff81c3dac5c0f546181e83
61c931d50f3e32f70abf1bccddf2479212dd2fde,12596562eedf00cad846f13afd2cc8f4b3dd5b4a
61c931d50f3e32f70abf1bccddf2479212dd2fde,7e389752f7a62fef34ccb4e24cd90aa4c1fe0d06
61c931d50f3e32f70abf1bccddf2479212dd2fde,0ec2a62edef364f4bef1e1b265d3d7869bb4444a
61c931d50f3e32f70abf1bccddf2479212dd2fde,
61c931d50f3e32f70abf1bccddf2479212dd2fde,
61c931d50f3e32f70abf1bccddf2479212dd2fde,
61c931d50f3e32f70abf1bccddf2479212dd2fde,
2c3eef2f17369912e330281d54b535675077e4ca,cec1e4555a934cd680555138a58945c581af8898
2c3eef2f17369912e330281d54b535675077e4ca,462f0d645a646f8df8ae20870140dda3cbb9e4ad
2c3eef2f17369912e330281d54b535675077e4ca,d4408e4e99c74913c7bf4b7a0aacf5bf67557c96
2c3eef2f17369912e330281d54b535675077e4ca,a6b7b5dbd1eb6ac765cdb9c9f70b90aa11e45854
2c3eef2f17369912e330281d54b535675077e4ca,b645ede48c4929913e55313a4bd5084096cdd1de
2c3eef2f17369912e330281d54b535675077e4ca,a2e52a7e9c0862d2d841e5a788f1e975e736d7c5
2c3eef2f17369912e330281d54b535675077e4ca,8f973517436e21e4e6f54b37837a9f6681d06265
2c3eef2f17369912e330281d54b535675077e4ca,0936310d0994790f228fb4f93cd3022c567072a0
2c3eef2f17369912e330281d54b535675077e4ca,0600153a398f713513b683ff6298490428ebfe48
2c3eef2f17369912e330281d54b535675077e4ca,4d706ff44753d0f040d20ed24cfd22b4bbc9cbfb
2c3eef2f17369912e330281d54b535675077e4ca,a057cb8d5edc815bfffeb9087561881aff026013
2c3eef2f17369912e330281d54b535675077e4ca,774353c2e27fcffe9a339e2393339955c9d2ebbe
2c3eef2f17369912e330281d54b535675077e4ca,d5975979ad3ab536799ba3433afb472cba7797b3
2c3eef2f17369912e330281d54b535675077e4ca,24638deb8ad40ab2b2ed2d9c839635bca3596ac8
2c3eef2f17369912e330281d54b535675077e4ca,412bc18150210959ec9f9bf176fdc6e8ee6cb7ef
2c3eef2f17369912e330281d54b535675077e4ca,9987c5b3239bd00c5782215be134509371ebae3b
2c3eef2f17369912e330281d54b535675077e4ca,b52603ac4d8bfd18128b3d1a9593e9f8744c8040
2c3eef2f17369912e330281d54b535675077e4ca,5121cfcefa910f1a5d55094a330b6e5783b0f8f6
2c3eef2f17369912e330281d54b535675077e4ca,7c70459d56214a7a3202732670f5ce726508eff6
2c3eef2f17369912e330281d54b535675077e4ca,caa297bbb7f3d97b47621d1d790695bc8b9364aa
2c3eef2f17369912e330281d54b535675077e4ca,ce2a41d31657c32a4945d79d5902b1576fed3ad8
2c3eef2f17369912e330281d54b535675077e4ca,acc813b2636724749fb88b978a64b885da047f8d
2c3eef2f17369912e330281d54b535675077e4ca,898a69882322e74df1f94c9c2d9219e2a54c77e0
2c3eef2f17369912e330281d54b535675077e4ca,006b5b58e8d8475ab9295b3336beae102416444f
2c3eef2f17369912e330281d54b535675077e4ca,ee3552fca0d107fb574aaa409d5ad1064d159265
2c3eef2f17369912e330281d54b535675077e4ca,dab7e605237ad4f4fe56dcba2861b8f0a57112be
2c3eef2f17369912e330281d54b535675077e4ca,31dfc4dc7e4bb4f72eb41f06826f19bf8b4b5693
2c3eef2f17369912e330281d54b535675077e4ca,404ae4a2b31d5c2184861cf702f953e47db40cab
2c3eef2f17369912e330281d54b535675077e4ca,4f993ba5db62053b259cd3f3be545fb8d7184b0f
2c3eef2f17369912e330281d54b535675077e4ca,1c918798bbfd2caa2335c5cd9f15c08e56ed2cde
2c3eef2f17369912e330281d54b535675077e4ca,a00252ffc7a40176c5e1366011aa8c7b13c11f4b
2c3eef2f17369912e330281d54b535675077e4ca,6225e79d804a3658462ae41115d4d31143c4ae6f
2c3eef2f17369912e330281d54b535675077e4ca,9d271bf4b78b933740c322835406de67b20d69e1
2c3eef2f17369912e330281d54b535675077e4ca,293700d335c1a842d29ecf1248dba0ea1569fcdd
2c3eef2f17369912e330281d54b535675077e4ca,8f1f19dace1d94dd96a6c453af3ef547bc41d3a5
2c3eef2f17369912e330281d54b535675077e4ca,f8fda7abca9a2af1b572ead5cbb9655daa7aa4f1
2c3eef2f17369912e330281d54b535675077e4ca,6b9f863505b2fbfe601580ae0f2a3ad1d4184bfa
2c3eef2f17369912e330281d54b535675077e4ca,f5b29e844b2ed9440053863ee8de0dccbb1d8c34
2c3eef2f17369912e330281d54b535675077e4ca,1f1331994fcd8eeac19d0a77fcc08378c1168379
2c3eef2f17369912e330281d54b535675077e4ca,fa7de67b00d92e9aafabe55bf0f97c7627d78dbb
2c3eef2f17369912e330281d54b535675077e4ca,142076521067f39aa0f2b86a01150561257c4ec5
2c3eef2f17369912e330281d54b535675077e4ca,d3de2c950f4a625be32eecf54ae6a3db2b7b779f
2c3eef2f17369912e330281d54b535675077e4ca,3433d785ac9a6f1ced1706dc4393f8b7dd20809c
2c3eef2f17369912e330281d54b535675077e4ca,945ade65c0cd2ce30dbd232d720c953574626d0a
2c3eef2f17369912e330281d54b535675077e4ca,b46d58abeab7d2f31754515e0a686ef8128dae55
2c3eef2f17369912e330281d54b535675077e4ca,b52cb5fb99b52a4aaeba8df099339f2291be0cc9
2c3eef2f17369912e330281d54b535675077e4ca,10287acfb08806de28881919978a3da673584b69
2c3eef2f17369912e330281d54b535675077e4ca,846670cc06fd22e6b40748049b00a4479bd61446
2c3eef2f17369912e330281d54b535675077e4ca,b78a851f206d330eda8c9f01e2e2ab00cbab96bb
2c3eef2f17369912e330281d54b535675077e4ca,
2c3eef2f17369912e330281d54b535675077e4ca,ee5adb0944890741d1f6b3c4b2679044ce6f3659
2c3eef2f17369912e330281d54b535675077e4ca,
2c3eef2f17369912e330281d54b535675077e4ca,ff0c9439d0883ad851ef13437f794c5a94c0312c
2c3eef2f17369912e330281d54b535675077e4ca,04129379d4120364c8ff81c3dac5c0f546181e83
2c3eef2f17369912e330281d54b535675077e4ca,
2c3eef2f17369912e330281d54b535675077e4ca,
2c3eef2f17369912e330281d54b535675077e4ca,7bcc53f1baf3358517a602d856192faea9442c91
2c3eef2f17369912e330281d54b535675077e4ca,e267780ffcd57712472de3cf1badece853bb2112
2c3eef2f17369912e330281d54b535675077e4ca,41a88a490d7ba9e383ecb16c4290083413a08258
2c3eef2f17369912e330281d54b535675077e4ca,
2c3eef2f17369912e330281d54b535675077e4ca,
2c3eef2f17369912e330281d54b535675077e4ca,
2c3eef2f17369912e330281d54b535675077e4ca,
e67a2817089312746d69b38ce9abfdc4b1bc69c3,13cf48695d23f7e019d670a1bf059b7f28396992
e67a2817089312746d69b38ce9abfdc4b1bc69c3,93e6ba25e4c45c3f204a09b6a6b8b02bd3596091
e67a2817089312746d69b38ce9abfdc4b1bc69c3,4bc8bd72ffa9bda2e3a7aef483008935a7a97656
e67a2817089312746d69b38ce9abfdc4b1bc69c3,6a85b59bb66e9f70c6e201a265d58a7f3aeb3aeb
e67a2817089312746d69b38ce9abfdc4b1bc69c3,d69216947188267d5537ee0f0501b2d960ecc457
e67a2817089312746d69b38ce9abfdc4b1bc69c3,a604aa1f2a2ca1a6a0b09013e71b83d36cc0f358
e67a2817089312746d69b38ce9abfdc4b1bc69c3,55a4e4a42cd86fac55491d089d07d04f09dcf957
e67a2817089312746d69b38ce9abfdc4b1bc69c3,e6456a0956675fae923c7b8636dc40f63d5daee3
e67a2817089312746d69b38ce9abfdc4b1bc69c3,26ca95a72994fdba1c1855eb6b699f98c992b5f4
e67a2817089312746d69b38ce9abfdc4b1bc69c3,867d7d569e14ebc70507d839fba54c944ed26556
e67a2817089312746d69b38ce9abfdc4b1bc69c3,9d64757a08ba95ded2ac92f738162a101336b78b
e67a2817089312746d69b38ce9abfdc4b1bc69c3,c2528e88d5554e9df9f9d482ad46cb5331c4d794
e67a2817089312746d69b38ce9abfdc4b1bc69c3,f295157f37cfb43cd8d8d2690ea124edc5ea59c2
e67a2817089312746d69b38ce9abfdc4b1bc69c3,7c70459d56214a7a3202732670f5ce726508eff6
e67a2817089312746d69b38ce9abfdc4b1bc69c3,dba7a6e03850237d46bc99d8d3836ac54a6e937b
e67a2817089312746d69b38ce9abfdc4b1bc69c3,a9ff49425610c71e81821aa49c1bfede76c966b4
e67a2817089312746d69b38ce9abfdc4b1bc69c3,4c314233869e9e8ff8c8aca60458e0aa8d315e03
e67a2817089312746d69b38ce9abfdc4b1bc69c3,7549a6e03afdd42ae94c19235db076319eeb34f8
e67a2817089312746d69b38ce9abfdc4b1bc69c3,1ba250d66f1f70adf76080ae4da3db88d25eaa58
e67a2817089312746d69b38ce9abfdc4b1bc69c3,283ae048d4bd7603bbf7bdae059580079439e1b8
e67a2817089312746d69b38ce9abfdc4b1bc69c3,03c7ec9dbac0c1c46f52b81359112d91f49bbccc
e67a2817089312746d69b38ce9abfdc4b1bc69c3,2f28cefb8a15ff58161ea335519ada91bbfb6c03
e67a2817089312746d69b38ce9abfdc4b1bc69c3,5bfae15ad73d4bfbc25b90c731a3d3dd44f2774c
e67a2817089312746d69b38ce9abfdc4b1bc69c3,db5ce7b184f3632ebb8ab3f948e53ca2ec002a9a
e67a2817089312746d69b38ce9abfdc4b1bc69c3,e09e1a1b35263646ff3d7dd71f5439f6b8b3c1ce
e67a2817089312746d69b38ce9abfdc4b1bc69c3,5c7e23da854d169bd865a927510939e8db3b88f2
e67a2817089312746d69b38ce9abfdc4b1bc69c3,208a35b667ac0b17333f593f9c68cc8d8603df1e
e67a2817089312746d69b38ce9abfdc4b1bc69c3,74b2c1bce3963fbb1300dc0995b9e275f3393cb9
e67a2817089312746d69b38ce9abfdc4b1bc69c3,
e67a2817089312746d69b38ce9abfdc4b1bc69c3,
e67a2817089312746d69b38ce9abfdc4b1bc69c3,
e67a2817089312746d69b38ce9abfdc4b1bc69c3,
e67a2817089312746d69b38ce9abfdc4b1bc69c3,
e67a2817089312746d69b38ce9abfdc4b1bc69c3,
e67a2817089312746d69b38ce9abfdc4b1bc69c3,
e67a2817089312746d69b38ce9abfdc4b1bc69c3,
e67a2817089312746d69b38ce9abfdc4b1bc69c3,
e67a2817089312746d69b38ce9abfdc4b1bc69c3,
e67a2817089312746d69b38ce9abfdc4b1bc69c3,
e67a2817089312746d69b38ce9abfdc4b1bc69c3,
e67a2817089312746d69b38ce9abfdc4b1bc69c3,e487daae19a1a09c656e20e9b45ceef7f7de264b
e67a2817089312746d69b38ce9abfdc4b1bc69c3,dd4401d20e668d4cdbc23541b63d516479c89d2e
e67a2817089312746d69b38ce9abfdc4b1bc69c3,bcca5c7e9180c4890936343d79e812cb16cbefb6
e67a2817089312746d69b38ce9abfdc4b1bc69c3,dfda0913a2df8e408f4af79e73347dc441abef09
e67a2817089312746d69b38ce9abfdc4b1bc69c3,fc881e8d0432ea8e4dd5fda4979243cac5e4b9e3
e67a2817089312746d69b38ce9abfdc4b1bc69c3,
e67a2817089312746d69b38ce9abfdc4b1bc69c3,
e67a2817089312746d69b38ce9abfdc4b1bc69c3,
fe4c5074f021cd1c810892c1b6bc267b23aa6e5c,a344b1d79033e4b3543803cc03ec34b664b75d8f
fe4c5074f021cd1c810892c1b6bc267b23aa6e5c,4bf4aca103ee7f22eb9968c31606d60738d4d334
fe4c5074f021cd1c810892c1b6bc267b23aa6e5c,0ebd0ad7fbedde936390eeac6aed1356876cbeff
fe4c5074f021cd1c810892c1b6bc267b23aa6e5c,5484384bcc932391c2c3f0a09fcee8d8baa3a5f9
fe4c5074f021cd1c810892c1b6bc267b23aa6e5c,6f9449cafe3f900c4c502adf7488de86569df645
fe4c5074f021cd1c810892c1b6bc267b23aa6e5c,fffbf0cbafa24f17fe5db8582efaa3406ebd08a4
fe4c5074f021cd1c810892c1b6bc267b23aa6e5c,8dc895f63319a46fc725ebd65e8e4773b9d57c96
fe4c5074f021cd1c810892c1b6bc267b23aa6e5c,aa93388ae047045351ffdd5b7082f85676da3a3d
fe4c5074f021cd1c810892c1b6bc267b23aa6e5c,eb1f960d5f6dded5df48d6be3e62e52320a997f7
fe4c5074f021cd1c810892c1b6bc267b23aa6e5c,723eb030b702832dcae4461584f1196c49b3aef6
fe4c5074f021cd1c810892c1b6bc267b23aa6e5c,976b5e1da8edff182406b8c085c7ca3cede5a3b7
fe4c5074f021cd1c810892c1b6bc267b23aa6e5c,4cee38d9d088cf021bc5f5b9fda6764feeb1806a
fe4c5074f021cd1c810892c1b6bc267b23aa6e5c,33271f0a7267af98252b7b86c97309baffdb1fbd
fe4c5074f021cd1c810892c1b6bc267b23aa6e5c,b6b5ff0f47cd4bef7192157df419d268dab89216
fe4c5074f021cd1c810892c1b6bc267b23aa6e5c,f7e240d076f5d9c91e8da86d87f19061d4911668
fe4c5074f021cd1c810892c1b6bc267b23aa6e5c,c8c12385ae2d31ce241c0a96cdb3295ba167ab1d
fe4c5074f021cd1c810892c1b6bc267b23aa6e5c,93d83d91aa4bfac18682a1e50645a27ca6d63285
fe4c5074f021cd1c810892c1b6bc267b23aa6e5c,ce51eff5b529ee572dab1c1f38f20adc8e89bab2
fe4c5074f021cd1c810892c1b6bc267b23aa6e5c,6fa2d1873bc12d1a698ec8d0e5e32e4236f3bd2b
fe4c5074f021cd1c810892c1b6bc267b23aa6e5c,b44e8a8d1ddcddca547f7e7e4b36b7327e6ba3d1
fe4c5074f021cd1c810892c1b6bc267b23aa6e5c,09982282703beb824163aaf6b1aa1f646afacc03
fe4c5074f021cd1c810892c1b6bc267b23aa6e5c,bcad76ae5cea05bad85fd6b2b08aa30a801d9a3b
fe4c5074f021cd1c810892c1b6bc267b23aa6e5c,69666873229bbcc43cbc26a6c4666dd26897ec22
fe4c5074f021cd1c810892c1b6bc267b23aa6e5c,0bb2c7f311aafb191a7e1a99b15ec0a3dac2193c
fe4c5074f021cd1c810892c1b6bc267b23aa6e5c,77cd8f90d727947c27d0ab2c8d4175b36d382fdf
fe4c5074f021cd1c810892c1b6bc267b23aa6e5c,140ee985794cadac30cde355056228026ec05d8f
fe4c5074f021cd1c810892c1b6bc267b23aa6e5c,1f326e8ff72a55895bf7155cdb5c69414837d26a
fe4c5074f021cd1c810892c1b6bc267b23aa6e5c,0211da344abf2efd6eda3e014b1f97e54ae139db
fe4c5074f021cd1c810892c1b6bc267b23aa6e5c,d92f36434c21a9dae14ed1b6937b3c4bcfaedf7e
fe4c5074f021cd1c810892c1b6bc267b23aa6e5c,82e331cec90a1cf601c16ee5be1da40dc3a865ca
fe4c5074f021cd1c810892c1b6bc267b23aa6e5c,
fe4c5074f021cd1c810892c1b6bc267b23aa6e5c,
fe4c5074f021cd1c810892c1b6bc267b23aa6e5c,1f9058eb0b639d0dffae192b3ffd5d80adabf0e9
fe4c5074f021cd1c810892c1b6bc267b23aa6e5c,
fe4c5074f021cd1c810892c1b6bc267b23aa6e5c,
fe4c5074f021cd1c810892c1b6bc267b23aa6e5c,9c955061892b8349bf26289bf75da1f7a8e1e6f6
fe4c5074f021cd1c810892c1b6bc267b23aa6e5c,
fe4c5074f021cd1c810892c1b6bc267b23aa6e5c,
fe4c5074f021cd1c810892c1b6bc267b23aa6e5c,
fe4c5074f021cd1c810892c1b6bc267b23aa6e5c,
fe4c5074f021cd1c810892c1b6bc267b23aa6e5c,
fe4c5074f021cd1c810892c1b6bc267b23aa6e5c,
d1ae4ab5047489c2b010c7ce72262982ad66ad60,4e77e5ec9474585aadd718f53a2e6ab27ae70af7
d1ae4ab5047489c2b010c7ce72262982ad66ad60,7123830c1cd9ad1a79d6f06d4b11963b5cda76f8
d1ae4ab5047489c2b010c7ce72262982ad66ad60,f4cfc7cbad257f1688772d59f694c16189dba811
d1ae4ab5047489c2b010c7ce72262982ad66ad60,7201559280a25dd295c2bf6d93609f76bc4198c8
d1ae4ab5047489c2b010c7ce72262982ad66ad60,a2fda847a1aaf020434afaec0eef6983729eea41
d1ae4ab5047489c2b010c7ce72262982ad66ad60,484c33038aacdd492a153b15a4ae3d27b173755a
d1ae4ab5047489c2b010c7ce72262982ad66ad60,b613887337a5d2e8fc8773037116be81e6346835
d1ae4ab5047489c2b010c7ce72262982ad66ad60,7b663c42dd72e2585eed4bf7fc41739e07ce9ff3
d1ae4ab5047489c2b010c7ce72262982ad66ad60,8f1a6b8081cf7b0201b99fc5ce0e19f09d75e5b4
d1ae4ab5047489c2b010c7ce72262982ad66ad60,accc90ddbf59121344578c432184bfa7af28ab02
d1ae4ab5047489c2b010c7ce72262982ad66ad60,db6084fdb3baceddacdc726474722debe1ef7e65
d1ae4ab5047489c2b010c7ce72262982ad66ad60,32c1e0f9ef6f1e337fe4aa2a4907314e5a3f4a5b
d1ae4ab5047489c2b010c7ce72262982ad66ad60,73e8c44c1281cf55ee3e7b5ed4d89e7108c1c6f2
d1ae4ab5047489c2b010c7ce72262982ad66ad60,1220e4a011c46804d4369b5580dc7fb6e387af54
d1ae4ab5047489c2b010c7ce72262982ad66ad60,da942e549ca2e94cab6b3e4f59483496974683e2
d1ae4ab5047489c2b010c7ce72262982ad66ad60,c82e5f800eb3a6fca0eda4aae39cdccf8aafd388
d1ae4ab5047489c2b010c7ce72262982ad66ad60,39ac2e0fc4ec63753306f99e71e0f38133e58ead
d1ae4ab5047489c2b010c7ce72262982ad66ad60,d287ebcc082618ea730071459b8252bf746b6fa0
d1ae4ab5047489c2b010c7ce72262982ad66ad60,02bb762c3bd1b3d1ad788340d8e9cdc3d85f33e1
d1ae4ab5047489c2b010c7ce72262982ad66ad60,75a8faa6861b7fdd49b36615df1835f1c4bbcb65
d1ae4ab5047489c2b010c7ce72262982ad66ad60,
d1ae4ab5047489c2b010c7ce72262982ad66ad60,
d1ae4ab5047489c2b010c7ce72262982ad66ad60,ab2bdfc3ca2e74eea7989f38276d54cc3a3b17d1
d1ae4ab5047489c2b010c7ce72262982ad66ad60,
d1ae4ab5047489c2b010c7ce72262982ad66ad60,
75a8faa6861b7fdd49b36615df1835f1c4bbcb65,d0e024e4038563aabd63213aa40f5d376eb7d56f
75a8faa6861b7fdd49b36615df1835f1c4bbcb65,484c33038aacdd492a153b15a4ae3d27b173755a
75a8faa6861b7fdd49b36615df1835f1c4bbcb65,b613887337a5d2e8fc8773037116be81e6346835
75a8faa6861b7fdd49b36615df1835f1c4bbcb65,7b663c42dd72e2585eed4bf7fc41739e07ce9ff3
75a8faa6861b7fdd49b36615df1835f1c4bbcb65,0270ddc733e45c7c84b8c7e7c329433948c4b820
75a8faa6861b7fdd49b36615df1835f1c4bbcb65,c4013eb6e59599e8ec7c42198d2fabd72f20e9eb
75a8faa6861b7fdd49b36615df1835f1c4bbcb65,e78dca3e013744a7ab659a58eda22d19c656dbf4
75a8faa6861b7fdd49b36615df1835f1c4bbcb65,3cfea74d5d9961ab718302f582691d86fbd14cfa
75a8faa6861b7fdd49b36615df1835f1c4bbcb65,73f080a78d4b1a4ef9668aabf8ee3c2a2a06961b
75a8faa6861b7fdd49b36615df1835f1c4bbcb65,93b9a5b6d9a1be8c493e0938b85680186c746047
75a8faa6861b7fdd49b36615df1835f1c4bbcb65,db6084fdb3baceddacdc726474722debe1ef7e65
75a8faa6861b7fdd49b36615df1835f1c4bbcb65,b88bfba8de9f4291977a3ece3384fddd4e521b38
75a8faa6861b7fdd49b36615df1835f1c4bbcb65,f295157f37cfb43cd8d8d2690ea124edc5ea59c2
75a8faa6861b7fdd49b36615df1835f1c4bbcb65,24a441897a0fd3b781052cb4ced38532c031acd8
75a8faa6861b7fdd49b36615df1835f1c4bbcb65,dd065c15b2633f16b58afcaef34c20a06f0db3b7
75a8faa6861b7fdd49b36615df1835f1c4bbcb65,026dfb97c7a0487e35fa2a8fecd72fbde92f2eb2
75a8faa6861b7fdd49b36615df1835f1c4bbcb65,41cd8cdcc30fad456b321f83d486c837d8d2ffa9
75a8faa6861b7fdd49b36615df1835f1c4bbcb65,1dabf2fccc14485d1db1986cfa45ec473da97bbf
75a8faa6861b7fdd49b36615df1835f1c4bbcb65,341d7ac446b053b7a84648db115365d182af4350
75a8faa6861b7fdd49b36615df1835f1c4bbcb65,fb8e253b8b0358a7b95ddc9ac4c74f93513a9c53
75a8faa6861b7fdd49b36615df1835f1c4bbcb65,8c1eb7aed124413525731af39d0249ce3663588e
75a8faa6861b7fdd49b36615df1835f1c4bbcb65,52ae43121568425584b4b746b8266811b204302d
75a8faa6861b7fdd49b36615df1835f1c4bbcb65,3231d62bec8e8cc1d837e85893889855767c3b13
75a8faa6861b7fdd49b36615df1835f1c4bbcb65,4d099443d3404ac57dbaae4e38e3bd9c272c722c
75a8faa6861b7fdd49b36615df1835f1c4bbcb65,912153d84becc029f9b20611e2420dc24ba7ef21
75a8faa6861b7fdd49b36615df1835f1c4bbcb65,572112aaa0e53bc5d85b75dadcc21aaaee8e89be
75a8faa6861b7fdd49b36615df1835f1c4bbcb65,bcad76ae5cea05bad85fd6b2b08aa30a801d9a3b
75a8faa6861b7fdd49b36615df1835f1c4bbcb65,e0168be056a7fe7b63061135433d9a99e396572b
75a8faa6861b7fdd49b36615df1835f1c4bbcb65,7af56c6720fa1f554b419110f9b0cae0c7f7586d
75a8faa6861b7fdd49b36615df1835f1c4bbcb65,effee9b85a10edbe5ea9c80db071bc05b4dbf326
75a8faa6861b7fdd49b36615df1835f1c4bbcb65,1220e4a011c46804d4369b5580dc7fb6e387af54
75a8faa6861b7fdd49b36615df1835f1c4bbcb65,5ba342de64fbdfa1eb8bf24aa65c9b154d991cad
75a8faa6861b7fdd49b36615df1835f1c4bbcb65,da942e549ca2e94cab6b3e4f59483496974683e2
75a8faa6861b7fdd49b36615df1835f1c4bbcb65,ef9d9821df55442f039b128bb5cef2b41ab2cadc
75a8faa6861b7fdd49b36615df1835f1c4bbcb65,f47def30face829e8034a292c2e3e7a9f4240d34
75a8faa6861b7fdd49b36615df1835f1c4bbcb65,03c7ec9dbac0c1c46f52b81359112d91f49bbccc
75a8faa6861b7fdd49b36615df1835f1c4bbcb65,e35aafcf8ebd5598f2450b9868b2f6871f7e28a6
75a8faa6861b7fdd49b36615df1835f1c4bbcb65,d6adbafb07c7a5590516404208fe8776f1363eb3
75a8faa6861b7fdd49b36615df1835f1c4bbcb65,b18aad118fbbbeadb9221a93597d06ea83f6a977
75a8faa6861b7fdd49b36615df1835f1c4bbcb65,29a1148d75878671dc3663bf480e33d7bd91597d
75a8faa6861b7fdd49b36615df1835f1c4bbcb65,1d13420161ab72cdc7fe11a720c6a2a33339430f
75a8faa6861b7fdd49b36615df1835f1c4bbcb65,07fb0b41b575e3e32e60c52fae30ab56a763d414
75a8faa6861b7fdd49b36615df1835f1c4bbcb65,0081c1fcb079f87147a68565764b59923c918d9c
75a8faa6861b7fdd49b36615df1835f1c4bbcb65,780b40a506e7357c6857985ceec3498f6dd5051d
75a8faa6861b7fdd49b36615df1835f1c4bbcb65,eb2b7ec75317b3ba3aa10d1d1c97aae2677ecfab
75a8faa6861b7fdd49b36615df1835f1c4bbcb65,f25e898c0d1b0a27a8f1567c96d8ba430f5e6a3f
75a8faa6861b7fdd49b36615df1835f1c4bbcb65,5c814bc6b49f21a1b84cbc3d4dc662a24165baee
75a8faa6861b7fdd49b36615df1835f1c4bbcb65,e3dfab0c89065c8f66840d1c5b8870eed4cf10ed
75a8faa6861b7fdd49b36615df1835f1c4bbcb65,39ac2e0fc4ec63753306f99e71e0f38133e58ead
75a8faa6861b7fdd49b36615df1835f1c4bbcb65,4cd96001b51a949e7504864ff576dddab9b166cc
75a8faa6861b7fdd49b36615df1835f1c4bbcb65,de4b6720eb9acdfc9e83f27383a63d63ebc7e79c
75a8faa6861b7fdd49b36615df1835f1c4bbcb65,0ad8e89091eed09217e66adc98136126addc2619
75a8faa6861b7fdd49b36615df1835f1c4bbcb65,624cb175af600b7749bce00c0932e2a10f72e564
75a8faa6861b7fdd49b36615df1835f1c4bbcb65,9748241beb02ef1e2d0e6dc877c04b354033a838
75a8faa6861b7fdd49b36615df1835f1c4bbcb65,fb64e4a6d7b6dfb4d96a482319da9c0837f303e6
75a8faa6861b7fdd49b36615df1835f1c4bbcb65,3bd811029edeaf5508a7c7b89007bbf6843fea04
75a8faa6861b7fdd49b36615df1835f1c4bbcb65,b9b2e39c26f9870491bb770e4608fcd197d34edb
75a8faa6861b7fdd49b36615df1835f1c4bbcb65,5349ca9492f37b7462756ad44ba413eaabe6eac4
75a8faa6861b7fdd49b36615df1835f1c4bbcb65,0b9182d502e62fb7e1ebd7e01de7523005d35677
75a8faa6861b7fdd49b36615df1835f1c4bbcb65,
75a8faa6861b7fdd49b36615df1835f1c4bbcb65,91d6e8ba5dd90b02fe3bd870b19da13a6167af53
75a8faa6861b7fdd49b36615df1835f1c4bbcb65,a35ab87d813dd87a6f1eb81e27f03e32b849d6e0
75a8faa6861b7fdd49b36615df1835f1c4bbcb65,
75a8faa6861b7fdd49b36615df1835f1c4bbcb65,
75a8faa6861b7fdd49b36615df1835f1c4bbcb65,
75a8faa6861b7fdd49b36615df1835f1c4bbcb65,ab2bdfc3ca2e74eea7989f38276d54cc3a3b17d1
75a8faa6861b7fdd49b36615df1835f1c4bbcb65,
5534c3b8bfe03ec0ee3ea3aafd0a4471b07f8b7d,3876267a762615ac876df561b900aa6e564fc9b4
5534c3b8bfe03ec0ee3ea3aafd0a4471b07f8b7d,c113135d0ee054dc4de4c1370c0bf29665dde074
5534c3b8bfe03ec0ee3ea3aafd0a4471b07f8b7d,83b08224ab5a95353a87661874a3d4d4f1eccc1f
5534c3b8bfe03ec0ee3ea3aafd0a4471b07f8b7d,e5e605a4677a4c02d1fdf8e29e66aef60411d27a
5534c3b8bfe03ec0ee3ea3aafd0a4471b07f8b7d,10b4b926904ad153f791ec680218e1610747a0c8
5534c3b8bfe03ec0ee3ea3aafd0a4471b07f8b7d,070c56f1871d7466628184e9d99fe4d89359ccb2
5534c3b8bfe03ec0ee3ea3aafd0a4471b07f8b7d,7e98d7e66cfa6003ccb7f04643cec4285a82ee2b
5534c3b8bfe03ec0ee3ea3aafd0a4471b07f8b7d,0211da344abf2efd6eda3e014b1f97e54ae139db
5534c3b8bfe03ec0ee3ea3aafd0a4471b07f8b7d,ead04453dc387f849472e1edf4f9ba5bed6571f7
5534c3b8bfe03ec0ee3ea3aafd0a4471b07f8b7d,ed68d6f538231612fa0c5a45ef3bd5096204e628
5534c3b8bfe03ec0ee3ea3aafd0a4471b07f8b7d,
5534c3b8bfe03ec0ee3ea3aafd0a4471b07f8b7d,4e57603093108b0f19c249405fb96fe3e05b668c
5534c3b8bfe03ec0ee3ea3aafd0a4471b07f8b7d,d852660e15e82ae150dcde105639ba2c7d90f01f
5534c3b8bfe03ec0ee3ea3aafd0a4471b07f8b7d,325bbe2c92072b16645a5cded3b9eda3cb97660b
5534c3b8bfe03ec0ee3ea3aafd0a4471b07f8b7d,5778e56400f7113c2b1355fdbd6b638fa379885f
5534c3b8bfe03ec0ee3ea3aafd0a4471b07f8b7d,313883f2eed1d59b4a1c4aa46645d9318b3a3870
5534c3b8bfe03ec0ee3ea3aafd0a4471b07f8b7d,f6dc7097c06f58e93209f5cf14913c63dcfe183f
5534c3b8bfe03ec0ee3ea3aafd0a4471b07f8b7d,bcf3391e611f790b687afd649c77996f0153ef1c
5534c3b8bfe03ec0ee3ea3aafd0a4471b07f8b7d,
7bb477077968d68aa7a6059d8d6d801fb28274da,6681b043180d4ccd646098f5808ffccb6f8a18b0
7bb477077968d68aa7a6059d8d6d801fb28274da,b948f3708f651c8a2ab1f3df86a08022482977e9
7bb477077968d68aa7a6059d8d6d801fb28274da,867d7d569e14ebc70507d839fba54c944ed26556
7bb477077968d68aa7a6059d8d6d801fb28274da,be38b149b7bae6025fc2ef144e101a8d3cd8c57f
7bb477077968d68aa7a6059d8d6d801fb28274da,dc629dd6868c8c294cb201c988ddf2d00f6a5fd1
7bb477077968d68aa7a6059d8d6d801fb28274da,455212125adb00b9746d1108e16b46e867fe76ed
7bb477077968d68aa7a6059d8d6d801fb28274da,6dbfbb8a0e71621b7b29f0639e4cad16b0a09412
7bb477077968d68aa7a6059d8d6d801fb28274da,3e04dc96399654b0b1285451588cf4aba6ed762a
7bb477077968d68aa7a6059d8d6d801fb28274da,06d3d10b986578575939d8caeb0144fc7e4c4f9d
7bb477077968d68aa7a6059d8d6d801fb28274da,4cee38d9d088cf021bc5f5b9fda6764feeb1806a
7bb477077968d68aa7a6059d8d6d801fb28274da,1ec6cd33e842cf3f3c084751abfe5e1c7bb519d5
7bb477077968d68aa7a6059d8d6d801fb28274da,a5562332dd970fed3d6c0cd3327d9847af117c96
7bb477077968d68aa7a6059d8d6d801fb28274da,abee40c521c99a35c38ff85f6ee7cd5d2347eb64
7bb477077968d68aa7a6059d8d6d801fb28274da,995c4a3ae2b0612e63d6ec24a17e8a9e10026854
7bb477077968d68aa7a6059d8d6d801fb28274da,60a0221ba986ad612fff7ef10005ca684640b351
7bb477077968d68aa7a6059d8d6d801fb28274da,d65c2cbc0980d0840b88b569516ae9c277d9d200
7bb477077968d68aa7a6059d8d6d801fb28274da,44383bbfe0dfc9b9364ce359f83ed0850ad4fdf3
7bb477077968d68aa7a6059d8d6d801fb28274da,069bd08c221b074b054837ba0d57d5edda1c5ca3
7bb477077968d68aa7a6059d8d6d801fb28274da,2cae9095b74e7b2a80b2b9528a974fe99c7eab54
7bb477077968d68aa7a6059d8d6d801fb28274da,5187df17503f78c7e063c2ea0a707e3e59c48235
7bb477077968d68aa7a6059d8d6d801fb28274da,80664a01dd1592d6c39689110449a0880337d9b0
7bb477077968d68aa7a6059d8d6d801fb28274da,5c995294ef54119b4429cafa869339c1962d6784
7bb477077968d68aa7a6059d8d6d801fb28274da,83b2c6c87869b2061e7c55a3e19f67e9b4ab447f
7bb477077968d68aa7a6059d8d6d801fb28274da,a745d40d1824a7df2b4b145f2d0c24073a8dfe01
7bb477077968d68aa7a6059d8d6d801fb28274da,7a85ddf1ff49b04d3ff619a087a8d527001be639
7bb477077968d68aa7a6059d8d6d801fb28274da,dffeb59e22a977b0b9a3c9ee1994dcffb030414d
7bb477077968d68aa7a6059d8d6d801fb28274da,ae74522002f9093fbf63a20efb57d80ee2f4f564
7bb477077968d68aa7a6059d8d6d801fb28274da,eb777433ae75f71aee623e0eb957ebaa26e54f2a
7bb477077968d68aa7a6059d8d6d801fb28274da,252e06d9d9f32e50c000bf93baffd1b2578f1bdf
7bb477077968d68aa7a6059d8d6d801fb28274da,ebfdbd5c3de63af2c86a026c12772966be3e2445
7bb477077968d68aa7a6059d8d6d801fb28274da,3c1eea679d4225978d607254286ae3cb34aec556
7bb477077968d68aa7a6059d8d6d801fb28274da,1f326e8ff72a55895bf7155cdb5c69414837d26a
7bb477077968d68aa7a6059d8d6d801fb28274da,6e37e3f657657e8a3e8c2e2fbf7aa061530b5c2d
7bb477077968d68aa7a6059d8d6d801fb28274da,a7bce1341f0309fc12b0f8a6d0deffc8d3afa882
7bb477077968d68aa7a6059d8d6d801fb28274da,0bbf43fbdc70feb903e0731f5b0b55b64b20765e
7bb477077968d68aa7a6059d8d6d801fb28274da,9d26f0ba02ee5efe9b9c7bdcb5f528c8b8253cf7
7bb477077968d68aa7a6059d8d6d801fb28274da,4a30343f3230dddd96fd6f79547fef9407262dbf
7bb477077968d68aa7a6059d8d6d801fb28274da,09d3cf8863053dbf7499e44d0fee1db5419d99a9
7bb477077968d68aa7a6059d8d6d801fb28274da,69dc367c30240fcbbde0a2be04f16b02f2f7e73e
7bb477077968d68aa7a6059d8d6d801fb28274da,5ea3274106e5a6e9c18fbbabff1e0d95e1ce32d3
7bb477077968d68aa7a6059d8d6d801fb28274da,c6d971aa7630ef28f79fc57351e5abac0b8e2ddd
7bb477077968d68aa7a6059d8d6d801fb28274da,66f399d7f905d842d9aaa56a2f98ed66fe667d62
7bb477077968d68aa7a6059d8d6d801fb28274da,2ee6132a71efc2e869bb5a68e21d039f74d6e78a
7bb477077968d68aa7a6059d8d6d801fb28274da,
7bb477077968d68aa7a6059d8d6d801fb28274da,3c7cb6daf5e421b72d4886a80558a88e84e0c0d0
7bb477077968d68aa7a6059d8d6d801fb28274da,
7bb477077968d68aa7a6059d8d6d801fb28274da,322a6e1f464330751dea2eb6beecac24466322ad
7bb477077968d68aa7a6059d8d6d801fb28274da,8c4805a11949ae979c126749ebb88d56b3b41336
7bb477077968d68aa7a6059d8d6d801fb28274da,5b5b6b80badccd291e3437460222e24326c65979
7bb477077968d68aa7a6059d8d6d801fb28274da,ee30699861ba811b9e151fe038173f6ca029ac64
7bb477077968d68aa7a6059d8d6d801fb28274da,7ae0b31b7a81b650b5e02f327beba0ec5306acab
7bb477077968d68aa7a6059d8d6d801fb28274da,4eb3b2774d40a36d4deae3f03246a0ab00a2a134
7bb477077968d68aa7a6059d8d6d801fb28274da,
7bb477077968d68aa7a6059d8d6d801fb28274da,
7bb477077968d68aa7a6059d8d6d801fb28274da,5d61ef638fd684facc1e68e654053e9bc065b36f
7bb477077968d68aa7a6059d8d6d801fb28274da,
7bb477077968d68aa7a6059d8d6d801fb28274da,
1cff064f815111a71a98afda7aee1867ad617901,cb965a19b12704e477a5731d316065015d22e61c
1cff064f815111a71a98afda7aee1867ad617901,5c4f35dd0d767e5aeaf63cdd27025702b1fc81f6
1cff064f815111a71a98afda7aee1867ad617901,6dc9c65b16ed2be2637d768afcd901bc06ef97fd
1cff064f815111a71a98afda7aee1867ad617901,a7d65f7f875edbdc5ffb264109ba2bd6b0ebabdd
1cff064f815111a71a98afda7aee1867ad617901,1bf4f2ffdb7423c0284b2d164d2791937a4c8dad
1cff064f815111a71a98afda7aee1867ad617901,aa57e69c51803b2be67a51dd5bd9a15e1245239b
1cff064f815111a71a98afda7aee1867ad617901,2d464d53a88003179b0e008e30a3861f147872c4
1cff064f815111a71a98afda7aee1867ad617901,cd363e5612c5ae6b8abdad5b1af7f7f337ea255e
1cff064f815111a71a98afda7aee1867ad617901,ec60f74292c123735abc179683f26dc90503309b
1cff064f815111a71a98afda7aee1867ad617901,3e10cd5934a2a83d2b91ef585162612fffb02b6a
1cff064f815111a71a98afda7aee1867ad617901,ad4e3a5a86e8446dfba5aff4a59205c03770d5e4
1cff064f815111a71a98afda7aee1867ad617901,82f5e857cdec95a41d7bdef0f018b6b626e95920
1cff064f815111a71a98afda7aee1867ad617901,19d8abc897c83a5723c9bee2750ba9dfed38fcb1
1cff064f815111a71a98afda7aee1867ad617901,593ca1c1632a8101fd641f664284ab44681f95be
1cff064f815111a71a98afda7aee1867ad617901,9bf33fb63667c838b88cd8efd8bb9c275bbf8ea5
1cff064f815111a71a98afda7aee1867ad617901,1f830f75217ef24d5379a3277ebea0601a32efa3
1cff064f815111a71a98afda7aee1867ad617901,5da2df4295f70f44777bfcf91a360abbf8d5b969
1cff064f815111a71a98afda7aee1867ad617901,34e9852f588f75eba81c66a3e5f867a794a5a690
1cff064f815111a71a98afda7aee1867ad617901,e836dabc407abecd889905eca49f2ed07a702e58
1cff064f815111a71a98afda7aee1867ad617901,9859d2a85fa51bc7ba85619913c0df69cb9fec15
1cff064f815111a71a98afda7aee1867ad617901,19c94284b6e53513af4a5f9f9a2ba4b2831561b7
1cff064f815111a71a98afda7aee1867ad617901,31fb4ea7a135c545c8d79e78b72a02a4ebf32e61
1cff064f815111a71a98afda7aee1867ad617901,6a23cd0c9a2aaed2de5fcc9d61b62e2cb3d7bca9
1cff064f815111a71a98afda7aee1867ad617901,dc2c46f522f562c9e5893ff94b088c93c8182726
1cff064f815111a71a98afda7aee1867ad617901,3822f2e4bfd9174f3c3ed984963b66d3bfba2ae6
1cff064f815111a71a98afda7aee1867ad617901,1c1e85a0b83186dac6ef02f12995b818be7ca75b
1cff064f815111a71a98afda7aee1867ad617901,1a3f1cc9674f3698f2ce1d31fe8c348a9802892c
1cff064f815111a71a98afda7aee1867ad617901,212d1c7cfad4d8dae39deb669337cb46b0274d78
1cff064f815111a71a98afda7aee1867ad617901,
1cff064f815111a71a98afda7aee1867ad617901,
1cff064f815111a71a98afda7aee1867ad617901,
1cff064f815111a71a98afda7aee1867ad617901,
21042565ec941f4fa31ac5a0af85a1a84ff21f1b,e083223558625b2552c749ffc2a83aa2dfaf45ad
21042565ec941f4fa31ac5a0af85a1a84ff21f1b,4f00435f66a3dee7d5965fe8696c56f67021f1cc
21042565ec941f4fa31ac5a0af85a1a84ff21f1b,690e3b3ce5a500b1f8ecb6c33a9e6d9215b37342
21042565ec941f4fa31ac5a0af85a1a84ff21f1b,9abee2d19357429ff60b9eef7d84a7430f2ddc37
21042565ec941f4fa31ac5a0af85a1a84ff21f1b,ca328d4645f733dea33604739ad88cbfc4240de9
21042565ec941f4fa31ac5a0af85a1a84ff21f1b,87d314e6077a159c2ad723beea59e605787473ca
21042565ec941f4fa31ac5a0af85a1a84ff21f1b,8d0656c7e89894dfd1be5dda7c6bf3f7b5ab8616
21042565ec941f4fa31ac5a0af85a1a84ff21f1b,f665b256ade2d5ebf742a5491fe8bf9a20c23963
21042565ec941f4fa31ac5a0af85a1a84ff21f1b,599e822a21f802717bd04935033ac0a568f3594c
21042565ec941f4fa31ac5a0af85a1a84ff21f1b,1976c9eeccc7115d18a04f1e7fb5145db6b96002
21042565ec941f4fa31ac5a0af85a1a84ff21f1b,bc789dd9732d7b3a64cea5c880b0651bd3827915
21042565ec941f4fa31ac5a0af85a1a84ff21f1b,49bf4507f5670dacbf8299af83ab1390438d79f7
21042565ec941f4fa31ac5a0af85a1a84ff21f1b,
21042565ec941f4fa31ac5a0af85a1a84ff21f1b,1ad245f8d1671ce5795080be3f2cf8f8f67ad28e
21042565ec941f4fa31ac5a0af85a1a84ff21f1b,d3b73d755a6457bec5da5c98553c2bd677c43067
21042565ec941f4fa31ac5a0af85a1a84ff21f1b,
21042565ec941f4fa31ac5a0af85a1a84ff21f1b,4fd344b6dd2cee086300b33b62896805f176d31c
21042565ec941f4fa31ac5a0af85a1a84ff21f1b,7c4a94586a050af29e5dc3d0fca3823afbb20598
21042565ec941f4fa31ac5a0af85a1a84ff21f1b,b18e4272a7b9fa2e1c970d258ab5ea99ed5e2284
21042565ec941f4fa31ac5a0af85a1a84ff21f1b,
21042565ec941f4fa31ac5a0af85a1a84ff21f1b,974812a625e0e89036f1969b42e70a3af258d7e1
21042565ec941f4fa31ac5a0af85a1a84ff21f1b,0477dcf2f7d7c9ce737e98886a1fc4116078fdf9
21042565ec941f4fa31ac5a0af85a1a84ff21f1b,7b1d4e21af070b60ee8e8bbb39189702b622041f
21042565ec941f4fa31ac5a0af85a1a84ff21f1b,
9b3e8d202488dc29e601fc471a25a2af9002659e,645179eefd4f95b9098ebd560b5d72454874096c
9b3e8d202488dc29e601fc471a25a2af9002659e,d3be40bd39cdc5980292e6e4caee72b4a7c22d44
9b3e8d202488dc29e601fc471a25a2af9002659e,2541ab4531a16ce46279fa60ef31351f95090d21
9b3e8d202488dc29e601fc471a25a2af9002659e,d09739776fddf61c435b56ef7850da30a0e33bd3
9b3e8d202488dc29e601fc471a25a2af9002659e,a294a4828a7e10c5d380d8e3121e8a30ae98dd50
9b3e8d202488dc29e601fc471a25a2af9002659e,d820401e3dd8fb7808416063ddf7c76c249e36a1
9b3e8d202488dc29e601fc471a25a2af9002659e,87bcbe4b6e8460bd7a2277cf4b42c3ce0c8f89ce
9b3e8d202488dc29e601fc471a25a2af9002659e,6db12e18ee289afd2ddc18416d87590758471486
9b3e8d202488dc29e601fc471a25a2af9002659e,f0a26f5340f1a8d166dba1bc9074fd9083637bdb
9b3e8d202488dc29e601fc471a25a2af9002659e,bf3e2aa525914514854fe31fb0318da3880927bb
9b3e8d202488dc29e601fc471a25a2af9002659e,f393492ab8ebecb7c81e2adefeb47851f9f74c7e
9b3e8d202488dc29e601fc471a25a2af9002659e,5cde45abc0e226485480023bfd5c11604d1d684f
9b3e8d202488dc29e601fc471a25a2af9002659e,8c4f35c573e498a91cab1d7601eb481f85cd8030
9b3e8d202488dc29e601fc471a25a2af9002659e,045ba95b2ea60d8131e941bceb7bc82cf823fe80
9b3e8d202488dc29e601fc471a25a2af9002659e,928c04d0a874942ab6f479c96cc1ed242377ba01
9b3e8d202488dc29e601fc471a25a2af9002659e,5d7b7334bbef45230ab9d81a83de40f12c5ccaf6
9b3e8d202488dc29e601fc471a25a2af9002659e,b88a7883a172d2104cfc1ab43e8b587cf1f8ecdf
9b3e8d202488dc29e601fc471a25a2af9002659e,4895831c3599945b3776e2303f508fedac6d7eca
9b3e8d202488dc29e601fc471a25a2af9002659e,1696aab0de79d6234660f8a8439137cc0ca4ce10
9b3e8d202488dc29e601fc471a25a2af9002659e,82beaa1c0cca3dec0f945d82cd7bbff05ba813d1
9b3e8d202488dc29e601fc471a25a2af9002659e,5dcc215e068bb39d0f8626ece3f183b436728760
9b3e8d202488dc29e601fc471a25a2af9002659e,b5f8d471c1477c37ed7909b9c229090362830f99
9b3e8d202488dc29e601fc471a25a2af9002659e,12279ec996d6107131e197c1811f5ce9fe38988c
9b3e8d202488dc29e601fc471a25a2af9002659e,4bd10e6c359b20b04bd039c0e60ead0b746745d0
9b3e8d202488dc29e601fc471a25a2af9002659e,d8f93be0e520b4e17fe640499d8dca62adc88396
9b3e8d202488dc29e601fc471a25a2af9002659e,fdb75b9fd0abece7d1272df69ae252e850ed6061
9b3e8d202488dc29e601fc471a25a2af9002659e,7ae555426be996e51dad60c4944b69afe806da4f
9b3e8d202488dc29e601fc471a25a2af9002659e,4a711c823aaaf88b19a0d76eb5725b6392f46174
9b3e8d202488dc29e601fc471a25a2af9002659e,c264d42751fa4c25de87950d7ab47f06e2c936b7
9b3e8d202488dc29e601fc471a25a2af9002659e,30048e4367b8b4691ecc87508d93f1abb3b2762d
9b3e8d202488dc29e601fc471a25a2af9002659e,9b70288f455ee818506d51f1225d2f3236a5076c
9b3e8d202488dc29e601fc471a25a2af9002659e,a7064847db44ae9c3883e19efa4383e861ceefd6
9b3e8d202488dc29e601fc471a25a2af9002659e,0330523e31a604f2e352f233a0dae867d7d97232
9b3e8d202488dc29e601fc471a25a2af9002659e,bfe384ae04f0f93b252137883777274faa35df0f
9b3e8d202488dc29e601fc471a25a2af9002659e,7f4388e0d3618a3989def809f82a91cebcd40889
9b3e8d202488dc29e601fc471a25a2af9002659e,25fe6e7088e3c266cb17a7374f02f73c4a79d0f3
9b3e8d202488dc29e601fc471a25a2af9002659e,657fa35676293a5a2d0415388c8b2dada1a85bf8
9b3e8d202488dc29e601fc471a25a2af9002659e,d285cf816297e29e7a9a405fa139d75143106a16
9b3e8d202488dc29e601fc471a25a2af9002659e,731bf3367adf3a9fd62a3e46ebf7f8b752a69ccb
9b3e8d202488dc29e601fc471a25a2af9002659e,542cf58353fee02027cc5dcc4ccb31fe4e9b0bbc
9b3e8d202488dc29e601fc471a25a2af9002659e,940713f756e00a7e65a6cc4439079644a074056a
9b3e8d202488dc29e601fc471a25a2af9002659e,69be82c4bac0fbf69ce2ee18526857e42c8ffd1e
9b3e8d202488dc29e601fc471a25a2af9002659e,44ea678ae1a67b1a44246d95a590a5f233caed7c
9b3e8d202488dc29e601fc471a25a2af9002659e,88355770fd76d2dce82ac3acf99ec56c1b4da447
9b3e8d202488dc29e601fc471a25a2af9002659e,ef4481cbc18c91e7bf0e53693bb77f3608743626
9b3e8d202488dc29e601fc471a25a2af9002659e,1df81bcaad4965c129adc21c89f55627fc20f23a
9b3e8d202488dc29e601fc471a25a2af9002659e,
9b3e8d202488dc29e601fc471a25a2af9002659e,
9b3e8d202488dc29e601fc471a25a2af9002659e,
9b3e8d202488dc29e601fc471a25a2af9002659e,
9b3e8d202488dc29e601fc471a25a2af9002659e,
9b3e8d202488dc29e601fc471a25a2af9002659e,
9b3e8d202488dc29e601fc471a25a2af9002659e,2f8b07b7e114ef38f082d737600491621cad3332
9b3e8d202488dc29e601fc471a25a2af9002659e,6053ed8f5793db99fa2c2e436cdb2ebb7af0cce9
9b3e8d202488dc29e601fc471a25a2af9002659e,
9b3e8d202488dc29e601fc471a25a2af9002659e,deccf308ec5b90bb347cabc37ee24586227ac0dc
9b3e8d202488dc29e601fc471a25a2af9002659e,
9b3e8d202488dc29e601fc471a25a2af9002659e,c6829db2d4f95464bbda16094c863c5a266954e0
9b3e8d202488dc29e601fc471a25a2af9002659e,9afc688369a9a6aad2b4f5caf04cdb3f0d128ea1
9b3e8d202488dc29e601fc471a25a2af9002659e,114aebe860a0a5a7275f945d0197220fc563217b
09f54c64b39f5f7e7570f9f4ce3e3af544401e14,790bca32acd11a3560fb26176bebf946914a11f1
09f54c64b39f5f7e7570f9f4ce3e3af544401e14,e7e099e5782c241bee534aef9d8a13eaf9074002
09f54c64b39f5f7e7570f9f4ce3e3af544401e14,565eb1701aae63d415447f38eb785829aeda540b
09f54c64b39f5f7e7570f9f4ce3e3af544401e14,cba9502b490454a9b327e4f3260e780c9b8c3105
09f54c64b39f5f7e7570f9f4ce3e3af544401e14,95b1d2698f4e4df34de27601ffffec2e20723ac5
09f54c64b39f5f7e7570f9f4ce3e3af544401e14,cc10eac7d7b162659865fbf5081f62f9b8ce1c8b
09f54c64b39f5f7e7570f9f4ce3e3af544401e14,eda2880f9ddd31aa17cfccfac75fffeb02069562
09f54c64b39f5f7e7570f9f4ce3e3af544401e14,1371cf364fddbf01f3e404fca203cad5e49cec9a
09f54c64b39f5f7e7570f9f4ce3e3af544401e14,6f14918e5d6500f2dbf93a7580d5edb6057f4077
09f54c64b39f5f7e7570f9f4ce3e3af544401e14,dc83f1a80ff56ed1436d4db55997264cc7027b86
09f54c64b39f5f7e7570f9f4ce3e3af544401e14,02a88547d6f6022bebc9aba6723a310cdf132f3f
09f54c64b39f5f7e7570f9f4ce3e3af544401e14,f8fd581824c35b6072b11c6886384df200988e7d
09f54c64b39f5f7e7570f9f4ce3e3af544401e14,4a30343f3230dddd96fd6f79547fef9407262dbf
09f54c64b39f5f7e7570f9f4ce3e3af544401e14,f5785200e6b6e844b1fc09095156894e41b7b4fb
09f54c64b39f5f7e7570f9f4ce3e3af544401e14,9506b3c0ca4ccf611f27199df81259ca486a8745
09f54c64b39f5f7e7570f9f4ce3e3af544401e14,af145e8f16617eb0c8b17ce25f916ffd0a114a7f
09f54c64b39f5f7e7570f9f4ce3e3af544401e14,9caeea46e81cb7f82dcbc696891713607950df65
09f54c64b39f5f7e7570f9f4ce3e3af544401e14,bcca5c7e9180c4890936343d79e812cb16cbefb6
09f54c64b39f5f7e7570f9f4ce3e3af544401e14,ede3cf24f73391347bfc258486b801df39624acb
09f54c64b39f5f7e7570f9f4ce3e3af544401e14,
09f54c64b39f5f7e7570f9f4ce3e3af544401e14,204680ddc935ad9335419c9b1aa0f91a539f8234
09f54c64b39f5f7e7570f9f4ce3e3af544401e14,
09f54c64b39f5f7e7570f9f4ce3e3af544401e14,322a6e1f464330751dea2eb6beecac24466322ad
09f54c64b39f5f7e7570f9f4ce3e3af544401e14,5b5b6b80badccd291e3437460222e24326c65979
09f54c64b39f5f7e7570f9f4ce3e3af544401e14,c6266ef806e1dacfd4918974d80917ac6c4db807
09f54c64b39f5f7e7570f9f4ce3e3af544401e14,92cb82a7a5fde530e6a4a9b191837e121d99813e
09f54c64b39f5f7e7570f9f4ce3e3af544401e14,79aa748e48e8a1d1de3f9eb7cbb81ca50ecad87f
09f54c64b39f5f7e7570f9f4ce3e3af544401e14,10dd801be309bae4074cac208805fc6de8ea3201
09f54c64b39f5f7e7570f9f4ce3e3af544401e14,
09f54c64b39f5f7e7570f9f4ce3e3af544401e14,
a604aa1f2a2ca1a6a0b09013e71b83d36cc0f358,8eae9c0cf928a217400e7decc6238a7872ca6e8c
a604aa1f2a2ca1a6a0b09013e71b83d36cc0f358,adf93866f25d619dc698d3bcd132f808ace15884
a604aa1f2a2ca1a6a0b09013e71b83d36cc0f358,957f5b1e7ca48891c2e279aefbfa0f04d989c21e
a604aa1f2a2ca1a6a0b09013e71b83d36cc0f358,f295157f37cfb43cd8d8d2690ea124edc5ea59c2
a604aa1f2a2ca1a6a0b09013e71b83d36cc0f358,bf830a601432a6cbfd53b473a5ce80cebc9a5a42
a604aa1f2a2ca1a6a0b09013e71b83d36cc0f358,663b54378713807aa11f34bcaeb12e0bae4da505
a604aa1f2a2ca1a6a0b09013e71b83d36cc0f358,4c314233869e9e8ff8c8aca60458e0aa8d315e03
a604aa1f2a2ca1a6a0b09013e71b83d36cc0f358,32c1e0f9ef6f1e337fe4aa2a4907314e5a3f4a5b
a604aa1f2a2ca1a6a0b09013e71b83d36cc0f358,03c7ec9dbac0c1c46f52b81359112d91f49bbccc
a604aa1f2a2ca1a6a0b09013e71b83d36cc0f358,d6adbafb07c7a5590516404208fe8776f1363eb3
a604aa1f2a2ca1a6a0b09013e71b83d36cc0f358,ae74522002f9093fbf63a20efb57d80ee2f4f564
a604aa1f2a2ca1a6a0b09013e71b83d36cc0f358,252e06d9d9f32e50c000bf93baffd1b2578f1bdf
a604aa1f2a2ca1a6a0b09013e71b83d36cc0f358,260077710ef86047c582bbe505feca36962ca406
a604aa1f2a2ca1a6a0b09013e71b83d36cc0f358,
0601e9e434b30320c316c76228b97c093fa98ad6,69b47761baff2b3d25fc73f5cc90c3e3518d2b4f
0601e9e434b30320c316c76228b97c093fa98ad6,a6e9339e1a28ab4a65f30581cfd01eafdf37559c
0601e9e434b30320c316c76228b97c093fa98ad6,b65ad142543b260adea77b2b00624f398218de73
0601e9e434b30320c316c76228b97c093fa98ad6,3d41d68fc121e7621f45f193d19279ba0669b170
0601e9e434b30320c316c76228b97c093fa98ad6,984a383aae8f82137dbb2e83fa50543074a592f8
0601e9e434b30320c316c76228b97c093fa98ad6,cb47aa01ad627d5179063b22b226661db469a512
0601e9e434b30320c316c76228b97c093fa98ad6,4aad76cf012f306e4304c605bc24ccbcadbbf7ee
0601e9e434b30320c316c76228b97c093fa98ad6,952bbdb4d4f4d7aa443bdacba5ade42ed7c45856
0601e9e434b30320c316c76228b97c093fa98ad6,056d3a74541d77e3a4ed17367e1c6389d30d5275
0601e9e434b30320c316c76228b97c093fa98ad6,45af864f2f9991eb9f9545fdec45ccf2adb5f0fa
0601e9e434b30320c316c76228b97c093fa98ad6,c96bc5bc307d802f8dc6d1abb2ded9f2fc60109c
0601e9e434b30320c316c76228b97c093fa98ad6,0c7cee5cc6a690edaa45328444930767909e0ee3
0601e9e434b30320c316c76228b97c093fa98ad6,404ae4a2b31d5c2184861cf702f953e47db40cab
0601e9e434b30320c316c76228b97c093fa98ad6,6f7cd29a3dfdcb2f6880a022e13054542020c5ce
0601e9e434b30320c316c76228b97c093fa98ad6,b313421d89607a30c60528dd11e862039ed6985c
0601e9e434b30320c316c76228b97c093fa98ad6,ebed7768d8841d3a861b01437a87a3472c6bbdd2
0601e9e434b30320c316c76228b97c093fa98ad6,8a139ae0c5505d2575c225218641f2915c8ff7e4
0601e9e434b30320c316c76228b97c093fa98ad6,c17faf779524c3be2ef1ef1e56d000aa60625158
0601e9e434b30320c316c76228b97c093fa98ad6,57c11e60f68f466516f96d5a3c4cef1bff94b7be
0601e9e434b30320c316c76228b97c093fa98ad6,576cd01f8e2c289651ae0a86374ac6d6abb787c1
0601e9e434b30320c316c76228b97c093fa98ad6,6de9591521c8a65cb612b66a0f6bf74ae697a5c6
0601e9e434b30320c316c76228b97c093fa98ad6,d57ca29d73272e139c04f118d5c3107dfb964596
0601e9e434b30320c316c76228b97c093fa98ad6,6e5bc3ad087cf2ca62d352d8e35542f255472648
0601e9e434b30320c316c76228b97c093fa98ad6,4468768ed9f544a8ddeccb49af3857dfcf5df359
0601e9e434b30320c316c76228b97c093fa98ad6,c03b8c234a3c7e8795f5cb3a93ddd6e5757b7696
0601e9e434b30320c316c76228b97c093fa98ad6,
0601e9e434b30320c316c76228b97c093fa98ad6,
0601e9e434b30320c316c76228b97c093fa98ad6,6e2ea92071a92147d5cfa5ab0ad96c528489e784
0601e9e434b30320c316c76228b97c093fa98ad6,0c2ee68020fbc37ca86dca1c87c1a9099438af9c
0601e9e434b30320c316c76228b97c093fa98ad6,
0601e9e434b30320c316c76228b97c093fa98ad6,
0601e9e434b30320c316c76228b97c093fa98ad6,
0601e9e434b30320c316c76228b97c093fa98ad6,114e9e5ef29d070114b7f468f0add0f07f760e52
0601e9e434b30320c316c76228b97c093fa98ad6,3635fe52038a5a06c405163332ce525310f1e8ce
0601e9e434b30320c316c76228b97c093fa98ad6,52eb6a7ae6eade225f46807b93b83195280d2384
0601e9e434b30320c316c76228b97c093fa98ad6,
0601e9e434b30320c316c76228b97c093fa98ad6,
0601e9e434b30320c316c76228b97c093fa98ad6,
0601e9e434b30320c316c76228b97c093fa98ad6,
0601e9e434b30320c316c76228b97c093fa98ad6,
0601e9e434b30320c316c76228b97c093fa98ad6,
0601e9e434b30320c316c76228b97c093fa98ad6,
91d6e8ba5dd90b02fe3bd870b19da13a6167af53,4740d555a17f0d200074d158e62019aa44cdc72e
91d6e8ba5dd90b02fe3bd870b19da13a6167af53,ce2a41d31657c32a4945d79d5902b1576fed3ad8
91d6e8ba5dd90b02fe3bd870b19da13a6167af53,874cbbaff67d04e3a23a23faead7a98a8b4d2160
91d6e8ba5dd90b02fe3bd870b19da13a6167af53,59f1df2f60280eea79d195b9c561d52a77fb24de
91d6e8ba5dd90b02fe3bd870b19da13a6167af53,45063cf2e0116e700da5ca2863c8bb82ad4d64c2
91d6e8ba5dd90b02fe3bd870b19da13a6167af53,bcad76ae5cea05bad85fd6b2b08aa30a801d9a3b
91d6e8ba5dd90b02fe3bd870b19da13a6167af53,093b6c06bde2cb42af710553171e59d56f250d03
91d6e8ba5dd90b02fe3bd870b19da13a6167af53,ee86d8a95717818567b4cea63c0489b33e3e59ea
91d6e8ba5dd90b02fe3bd870b19da13a6167af53,57fffed10d4dd2692645c21754527ca97a257f13
91d6e8ba5dd90b02fe3bd870b19da13a6167af53,599e822a21f802717bd04935033ac0a568f3594c
91d6e8ba5dd90b02fe3bd870b19da13a6167af53,ae6ddcba8c848dd0a30a30c5a895cbb491c9e445
91d6e8ba5dd90b02fe3bd870b19da13a6167af53,d57ca29d73272e139c04f118d5c3107dfb964596
91d6e8ba5dd90b02fe3bd870b19da13a6167af53,93fff0ade32c6fd6e9bb3228089934f3e2f6065d
91d6e8ba5dd90b02fe3bd870b19da13a6167af53,02808823641975868e3212fd7ae859514fdbdf32
