citedPaperId,citingPaperId
69e1e582a2e909542afca0b4dd4e1f73d8b4b987,a2a514ed839dafdd0fb76d6c2615f25f35bf8087
873a20b03648610ccc10e266dd381f04e25e815f,a2a514ed839dafdd0fb76d6c2615f25f35bf8087
5e77376fe7b120de1e368d730f15f12e3e599435,a2a514ed839dafdd0fb76d6c2615f25f35bf8087
b4ff6a9d82c1eb6c862c51ca563261b54d785e61,a2a514ed839dafdd0fb76d6c2615f25f35bf8087
5f5d0387c14cd44def66d352acba1013494fffd0,a2a514ed839dafdd0fb76d6c2615f25f35bf8087
ada7405e20ac861d632055bcb871ee4d57afc710,a2a514ed839dafdd0fb76d6c2615f25f35bf8087
dce7daf3d485e83ae503cfa60e7a0ccce994a764,a2a514ed839dafdd0fb76d6c2615f25f35bf8087
e54a5920715b453038a64e65a8c06fa4ce1199db,a2a514ed839dafdd0fb76d6c2615f25f35bf8087
7f7686d2e2af4a7308fa947680f52194b8bb067f,a2a514ed839dafdd0fb76d6c2615f25f35bf8087
c8376be6e5d269467545de4edffe06bb2b74b1c7,a2a514ed839dafdd0fb76d6c2615f25f35bf8087
29641e542dc3bcf96e4a8e6902b9e132a9c399da,a2a514ed839dafdd0fb76d6c2615f25f35bf8087
c39d40e3127a56a0abe12f2fb1d698ea6ba1724d,a2a514ed839dafdd0fb76d6c2615f25f35bf8087
75138d0b517e8c86157548e9dd5429eae4ff3e5a,a2a514ed839dafdd0fb76d6c2615f25f35bf8087
ac441cb1810dce8e41d9cd554366b72aa182bf41,a2a514ed839dafdd0fb76d6c2615f25f35bf8087
2e9622b3c89238cde7a49fc2989d1f17a07d8a11,a2a514ed839dafdd0fb76d6c2615f25f35bf8087
cc095f9ce71982a8dcc0ea1b813a7486b3f6c962,a2a514ed839dafdd0fb76d6c2615f25f35bf8087
0b083953239d0617b534a0d76762fa8350db4e6f,a2a514ed839dafdd0fb76d6c2615f25f35bf8087
5724e138fc08329e0baa08d2090d9424df1cb945,a2a514ed839dafdd0fb76d6c2615f25f35bf8087
a9fa1a56ba118fa3b629fc6308d6b5606751f023,a2a514ed839dafdd0fb76d6c2615f25f35bf8087
d933042eb3c2a8f2e208515490d6b6a400e00fec,a2a514ed839dafdd0fb76d6c2615f25f35bf8087
c0b6f19a4ea6d4223d5e3b1bb4518ef3a186c4ee,a2a514ed839dafdd0fb76d6c2615f25f35bf8087
4853ea0e68e3088721888f73b51dc7db13658460,a2a514ed839dafdd0fb76d6c2615f25f35bf8087
17a91da7f6dcc14eca45a8828a7e2a7ae437894c,a2a514ed839dafdd0fb76d6c2615f25f35bf8087
69e1e582a2e909542afca0b4dd4e1f73d8b4b987,6c755fc901d0b41a5d73c265f64a5aacf62e83b8
ada7405e20ac861d632055bcb871ee4d57afc710,6c755fc901d0b41a5d73c265f64a5aacf62e83b8
dce7daf3d485e83ae503cfa60e7a0ccce994a764,6c755fc901d0b41a5d73c265f64a5aacf62e83b8
e54a5920715b453038a64e65a8c06fa4ce1199db,6c755fc901d0b41a5d73c265f64a5aacf62e83b8
7f7686d2e2af4a7308fa947680f52194b8bb067f,6c755fc901d0b41a5d73c265f64a5aacf62e83b8
c8376be6e5d269467545de4edffe06bb2b74b1c7,6c755fc901d0b41a5d73c265f64a5aacf62e83b8
29641e542dc3bcf96e4a8e6902b9e132a9c399da,6c755fc901d0b41a5d73c265f64a5aacf62e83b8
566fd1a8f958b30d551eb0e1837e230ad55a6e76,6c755fc901d0b41a5d73c265f64a5aacf62e83b8
1072e6d03a19b157356c5da57257b2b92eefc68c,6c755fc901d0b41a5d73c265f64a5aacf62e83b8
c39d40e3127a56a0abe12f2fb1d698ea6ba1724d,6c755fc901d0b41a5d73c265f64a5aacf62e83b8
ac441cb1810dce8e41d9cd554366b72aa182bf41,6c755fc901d0b41a5d73c265f64a5aacf62e83b8
0b083953239d0617b534a0d76762fa8350db4e6f,6c755fc901d0b41a5d73c265f64a5aacf62e83b8
5724e138fc08329e0baa08d2090d9424df1cb945,6c755fc901d0b41a5d73c265f64a5aacf62e83b8
a9fa1a56ba118fa3b629fc6308d6b5606751f023,6c755fc901d0b41a5d73c265f64a5aacf62e83b8
17a91da7f6dcc14eca45a8828a7e2a7ae437894c,6c755fc901d0b41a5d73c265f64a5aacf62e83b8
81f6e15b44891e6536e484e64e17c6bf3477f013,61c931d50f3e32f70abf1bccddf2479212dd2fde
0b5f0595c8fbc74222275cd6ba2132985498b782,61c931d50f3e32f70abf1bccddf2479212dd2fde
5ce8f7ebd87592f8ec5c9b8030fee5fbe48b5bd5,61c931d50f3e32f70abf1bccddf2479212dd2fde
2a3b9ca643baebb0391dac2da41212ecb2d5f6ad,61c931d50f3e32f70abf1bccddf2479212dd2fde
be711cd2776384680f906a057a44516ab6fcc031,61c931d50f3e32f70abf1bccddf2479212dd2fde
73630bd117a5912eba72f34657249ffd018209a2,61c931d50f3e32f70abf1bccddf2479212dd2fde
8151af11d1ff5256ac8fb209e140f92d4d21bc22,61c931d50f3e32f70abf1bccddf2479212dd2fde
23f9c77f9a839b82efdcce5080b9d490a6fcab3c,61c931d50f3e32f70abf1bccddf2479212dd2fde
c6df324933192571935b22f0cdf38a249aea986a,61c931d50f3e32f70abf1bccddf2479212dd2fde
8bdde505c6f0cd0e3eecf5347c49285a9415b9ac,61c931d50f3e32f70abf1bccddf2479212dd2fde
261e47de5025c4b9378baeb82504ef8a4ad1b6d2,61c931d50f3e32f70abf1bccddf2479212dd2fde
ec5f7910bf95fadce2383a37ab233c169f0c9fb8,61c931d50f3e32f70abf1bccddf2479212dd2fde
0f355a50081694308a0be1c5cf76b7ac3ca364f0,61c931d50f3e32f70abf1bccddf2479212dd2fde
79b77a171d17bb28a832a7ed5f1916db8cd32af3,2c3eef2f17369912e330281d54b535675077e4ca
8f2b70e6184037e4d47af04c57a2110e02897e9e,2c3eef2f17369912e330281d54b535675077e4ca
69ee900992524262c3d81ee0bf9985a35b9aab7d,2c3eef2f17369912e330281d54b535675077e4ca
2a3b9ca643baebb0391dac2da41212ecb2d5f6ad,2c3eef2f17369912e330281d54b535675077e4ca
1c10e3924ce1b7dcadd584ec547bc7bce06d5a21,2c3eef2f17369912e330281d54b535675077e4ca
5f0d24b94af0c04c4b9cef925728c833317fb34d,2c3eef2f17369912e330281d54b535675077e4ca
c61795876dc5db8bb0468b30a40b9fb88454b1fb,2c3eef2f17369912e330281d54b535675077e4ca
068d28f32d8246db1346b94a6ad0e6603df2c30e,2c3eef2f17369912e330281d54b535675077e4ca
637fc26afa4389bc69ee8e95e75e0aacc2006cb0,2c3eef2f17369912e330281d54b535675077e4ca
5daadcca1fdd1ec39bbc1424d1088b221be363b2,2c3eef2f17369912e330281d54b535675077e4ca
f9e1da529b8cdb11cec3257f11eac82b2eb299de,2c3eef2f17369912e330281d54b535675077e4ca
9f1be2c224573795e35e008f5357a8ef706a4fea,2c3eef2f17369912e330281d54b535675077e4ca
8bdde505c6f0cd0e3eecf5347c49285a9415b9ac,2c3eef2f17369912e330281d54b535675077e4ca
9b605f02fe91967dbf84897d2ba647f8e718dacf,2c3eef2f17369912e330281d54b535675077e4ca
e386c6427a45db4ff3e568c4ab2927a6222946c4,2c3eef2f17369912e330281d54b535675077e4ca
88b7df9646a435463fad59a602137b37ee805bfb,2c3eef2f17369912e330281d54b535675077e4ca
69e1e582a2e909542afca0b4dd4e1f73d8b4b987,e67a2817089312746d69b38ce9abfdc4b1bc69c3
5f5d0387c14cd44def66d352acba1013494fffd0,e67a2817089312746d69b38ce9abfdc4b1bc69c3
ada7405e20ac861d632055bcb871ee4d57afc710,e67a2817089312746d69b38ce9abfdc4b1bc69c3
dce7daf3d485e83ae503cfa60e7a0ccce994a764,e67a2817089312746d69b38ce9abfdc4b1bc69c3
e54a5920715b453038a64e65a8c06fa4ce1199db,e67a2817089312746d69b38ce9abfdc4b1bc69c3
cd93ac14bb79ac43569182929853f0c3c503668d,e67a2817089312746d69b38ce9abfdc4b1bc69c3
d1528ad07f3c6004902251f7c3f4c933eeb5d2fc,e67a2817089312746d69b38ce9abfdc4b1bc69c3
fe06e668ed3bbb17866cfce3658bb30532e7186b,e67a2817089312746d69b38ce9abfdc4b1bc69c3
7f7686d2e2af4a7308fa947680f52194b8bb067f,e67a2817089312746d69b38ce9abfdc4b1bc69c3
c8376be6e5d269467545de4edffe06bb2b74b1c7,e67a2817089312746d69b38ce9abfdc4b1bc69c3
29641e542dc3bcf96e4a8e6902b9e132a9c399da,e67a2817089312746d69b38ce9abfdc4b1bc69c3
321f669f888e43e8f44390985a5da2d3fabe8a7e,e67a2817089312746d69b38ce9abfdc4b1bc69c3
1072e6d03a19b157356c5da57257b2b92eefc68c,e67a2817089312746d69b38ce9abfdc4b1bc69c3
c39d40e3127a56a0abe12f2fb1d698ea6ba1724d,e67a2817089312746d69b38ce9abfdc4b1bc69c3
75138d0b517e8c86157548e9dd5429eae4ff3e5a,e67a2817089312746d69b38ce9abfdc4b1bc69c3
ac441cb1810dce8e41d9cd554366b72aa182bf41,e67a2817089312746d69b38ce9abfdc4b1bc69c3
5ff9885778f8ec824beaeb6802af5c82e299f702,e67a2817089312746d69b38ce9abfdc4b1bc69c3
cc095f9ce71982a8dcc0ea1b813a7486b3f6c962,e67a2817089312746d69b38ce9abfdc4b1bc69c3
a2a514ed839dafdd0fb76d6c2615f25f35bf8087,e67a2817089312746d69b38ce9abfdc4b1bc69c3
6c755fc901d0b41a5d73c265f64a5aacf62e83b8,e67a2817089312746d69b38ce9abfdc4b1bc69c3
0b083953239d0617b534a0d76762fa8350db4e6f,e67a2817089312746d69b38ce9abfdc4b1bc69c3
5724e138fc08329e0baa08d2090d9424df1cb945,e67a2817089312746d69b38ce9abfdc4b1bc69c3
a9fa1a56ba118fa3b629fc6308d6b5606751f023,e67a2817089312746d69b38ce9abfdc4b1bc69c3
b3135c616d6267fe1d2b4ca9d27c8792c0acf3e5,e67a2817089312746d69b38ce9abfdc4b1bc69c3
d933042eb3c2a8f2e208515490d6b6a400e00fec,e67a2817089312746d69b38ce9abfdc4b1bc69c3
5c47e23ec4d2d8c6641ce7671b2054a5fff1911f,e67a2817089312746d69b38ce9abfdc4b1bc69c3
4853ea0e68e3088721888f73b51dc7db13658460,e67a2817089312746d69b38ce9abfdc4b1bc69c3
9f1911b932dfb22d05e25106a0da9e4e1febd296,e67a2817089312746d69b38ce9abfdc4b1bc69c3
17a91da7f6dcc14eca45a8828a7e2a7ae437894c,e67a2817089312746d69b38ce9abfdc4b1bc69c3
b639c751bab66f8fcfc00588bbad854259a058f5,fe4c5074f021cd1c810892c1b6bc267b23aa6e5c
0cb2dcc7192796c9be36fdefd4b5a5dbeb329114,fe4c5074f021cd1c810892c1b6bc267b23aa6e5c
fac02321d6f68176a0b518f25febf85d06f2c236,fe4c5074f021cd1c810892c1b6bc267b23aa6e5c
2a22d0c7eb01cbcf0e19f2f5e431d49dafe1593f,fe4c5074f021cd1c810892c1b6bc267b23aa6e5c
026a0b5e56a8dbd0c6491c29fe5e4d6bff845b0a,fe4c5074f021cd1c810892c1b6bc267b23aa6e5c
f1b8cfd67913b606ce0805432db343543ffe5cbb,fe4c5074f021cd1c810892c1b6bc267b23aa6e5c
e4d27b4c30a4811ae9bf4139c4503ab2fb83ac06,fe4c5074f021cd1c810892c1b6bc267b23aa6e5c
1196e5f9a9681b1a73c7461beb377d1706124778,fe4c5074f021cd1c810892c1b6bc267b23aa6e5c
f5b56733193ebea900275584da01b7b94b8f0416,fe4c5074f021cd1c810892c1b6bc267b23aa6e5c
4ab4351116f61888b0ba9c1e22f596a93df5b446,fe4c5074f021cd1c810892c1b6bc267b23aa6e5c
a2a514ed839dafdd0fb76d6c2615f25f35bf8087,fe4c5074f021cd1c810892c1b6bc267b23aa6e5c
afdc2ff3e027640987695371e0c6ed7125473bcc,fe4c5074f021cd1c810892c1b6bc267b23aa6e5c
96f81984045f33552089353b7d451eccc0be0510,fe4c5074f021cd1c810892c1b6bc267b23aa6e5c
216a28cfa8a245a923df8eda0cd8e8d8fc285683,fe4c5074f021cd1c810892c1b6bc267b23aa6e5c
6c213b1afd68233e6990f549b3c250c8ecbcb7b9,fe4c5074f021cd1c810892c1b6bc267b23aa6e5c
841cc79c812a13ab54b214bb6b3b4cb505991aae,fe4c5074f021cd1c810892c1b6bc267b23aa6e5c
0a3b583d7ee15cd86125a7c73ac4decffa61cfb9,fe4c5074f021cd1c810892c1b6bc267b23aa6e5c
2cc25a09b986db2d5dfebc158565b11579bcafc3,d1ae4ab5047489c2b010c7ce72262982ad66ad60
b250483ff4cc31c392757dbe966c14b8fd1ab231,d1ae4ab5047489c2b010c7ce72262982ad66ad60
be8cdb1e196f156e9b2be8e5c11ca7a4ec936d03,d1ae4ab5047489c2b010c7ce72262982ad66ad60
326cecd1e73da6790cc30fafc298489882e20c7f,d1ae4ab5047489c2b010c7ce72262982ad66ad60
c4608b7f1564a3641c806198d26dc526578f66c1,d1ae4ab5047489c2b010c7ce72262982ad66ad60
e1df5aca06a058af113bba8910c0447e29a11737,d1ae4ab5047489c2b010c7ce72262982ad66ad60
1121719a360b9150cf21c20b10bc2c639bd3699d,d1ae4ab5047489c2b010c7ce72262982ad66ad60
e0f6c9b958ddc2356eb6912adf02e2fcd2ab19f8,d1ae4ab5047489c2b010c7ce72262982ad66ad60
e726220e1243f625d4532db44009660d4e6734ca,d1ae4ab5047489c2b010c7ce72262982ad66ad60
ec0612038171abd57baa6162c3b36c529e116d41,d1ae4ab5047489c2b010c7ce72262982ad66ad60
be3d09c81e6c71007c98011c34530b1596b4f0ff,d1ae4ab5047489c2b010c7ce72262982ad66ad60
a69705856fcbf727a43fe0cbe3b145042398d2c7,d1ae4ab5047489c2b010c7ce72262982ad66ad60
fe6355752ac8cfd0b80c86201fefb9f8eefcd7b2,d1ae4ab5047489c2b010c7ce72262982ad66ad60
cd30d279e82aad4b6539d1998f7433907733c844,d1ae4ab5047489c2b010c7ce72262982ad66ad60
ebc06a22fa91e03648bc38e3a02cf444d8d3785e,d1ae4ab5047489c2b010c7ce72262982ad66ad60
a83fb6ec620ec44aa13f3334a86d9212da0790a3,d1ae4ab5047489c2b010c7ce72262982ad66ad60
e25a4ece79160c9817a38e80f77d729ca7487d48,d1ae4ab5047489c2b010c7ce72262982ad66ad60
420f8b01e0ddd3c3f4c5620acbd71e26275786b5,d1ae4ab5047489c2b010c7ce72262982ad66ad60
d9a69324902294e297c5ba366b0658cf5b17921c,d1ae4ab5047489c2b010c7ce72262982ad66ad60
c4608b7f1564a3641c806198d26dc526578f66c1,75a8faa6861b7fdd49b36615df1835f1c4bbcb65
f926c172e3c1111430d56456c6ee941c193f22f9,75a8faa6861b7fdd49b36615df1835f1c4bbcb65
e726220e1243f625d4532db44009660d4e6734ca,75a8faa6861b7fdd49b36615df1835f1c4bbcb65
e8eed598c2a7e3a78c44add15c8585c7e2d26072,75a8faa6861b7fdd49b36615df1835f1c4bbcb65
a69705856fcbf727a43fe0cbe3b145042398d2c7,75a8faa6861b7fdd49b36615df1835f1c4bbcb65
068d28f32d8246db1346b94a6ad0e6603df2c30e,75a8faa6861b7fdd49b36615df1835f1c4bbcb65
1196e5f9a9681b1a73c7461beb377d1706124778,75a8faa6861b7fdd49b36615df1835f1c4bbcb65
ac441cb1810dce8e41d9cd554366b72aa182bf41,75a8faa6861b7fdd49b36615df1835f1c4bbcb65
e53188a2374237a095fe8c037a463633fc7b07c2,75a8faa6861b7fdd49b36615df1835f1c4bbcb65
420f8b01e0ddd3c3f4c5620acbd71e26275786b5,75a8faa6861b7fdd49b36615df1835f1c4bbcb65
d1ae4ab5047489c2b010c7ce72262982ad66ad60,75a8faa6861b7fdd49b36615df1835f1c4bbcb65
32dd2f8d3a4f201a90ffb761db3ca1390ceb51d1,75a8faa6861b7fdd49b36615df1835f1c4bbcb65
421acbcbf7bf050d758651def7f8db717f855093,5534c3b8bfe03ec0ee3ea3aafd0a4471b07f8b7d
6e08bd9b6ecb3e3978de66c5f8bd8636367413bc,5534c3b8bfe03ec0ee3ea3aafd0a4471b07f8b7d
0618ee476140b99e23a80aff1bfb5fb657e190c3,5534c3b8bfe03ec0ee3ea3aafd0a4471b07f8b7d
a743d4bd7f2607468b4bc175b598650c81db6832,5534c3b8bfe03ec0ee3ea3aafd0a4471b07f8b7d
cd2d8794a3548eb2b37a4ccb4f41e74ecac2dc7b,5534c3b8bfe03ec0ee3ea3aafd0a4471b07f8b7d
0a1409fbbc405dbe1f2ae92ae7ef9f454fd6aa47,5534c3b8bfe03ec0ee3ea3aafd0a4471b07f8b7d
0671379e4f5e3023ae38a1a02f72a096beabe4a9,5534c3b8bfe03ec0ee3ea3aafd0a4471b07f8b7d
e52ee5122ade10ecc0e6750f7f06514a74b61eab,5534c3b8bfe03ec0ee3ea3aafd0a4471b07f8b7d
fd886110a1eff26e1203ac219d4c07ee4999ecae,7bb477077968d68aa7a6059d8d6d801fb28274da
410c571296fa69278c43fc9c909d06b7038964e0,7bb477077968d68aa7a6059d8d6d801fb28274da
e726220e1243f625d4532db44009660d4e6734ca,7bb477077968d68aa7a6059d8d6d801fb28274da
2a22d0c7eb01cbcf0e19f2f5e431d49dafe1593f,7bb477077968d68aa7a6059d8d6d801fb28274da
76bae8f9984e3bc32e5c4b8649838ee58a0b8051,7bb477077968d68aa7a6059d8d6d801fb28274da
e1e324d18d11a1114277be5cc3f79ddccc62f237,7bb477077968d68aa7a6059d8d6d801fb28274da
4690740489629409e3940d806333d59e6aa6bab6,7bb477077968d68aa7a6059d8d6d801fb28274da
db0142f721ddcd3c6ed237ab63b48ffb408c2d4b,7bb477077968d68aa7a6059d8d6d801fb28274da
8d48a66b1c6a39a5cd6ab874e1e173ca00be2f7b,7bb477077968d68aa7a6059d8d6d801fb28274da
458b33246658f13e35336f7ae17fc886c89ad6a9,7bb477077968d68aa7a6059d8d6d801fb28274da
2b86c2331b5c8363d9f5050b843636d17e5b066d,7bb477077968d68aa7a6059d8d6d801fb28274da
30dca090796a36e7b7ccc4dfad069b9df7a6bbbf,7bb477077968d68aa7a6059d8d6d801fb28274da
32d824a335e20646a6c2a951444041f963b23379,7bb477077968d68aa7a6059d8d6d801fb28274da
086ab4df92a4b439334aea1c9d143c83beb0275a,7bb477077968d68aa7a6059d8d6d801fb28274da
e030c1638c8d410453b8b3f312064389dcfc82f7,7bb477077968d68aa7a6059d8d6d801fb28274da
e32ac9710564142bc712f1ed58c79f9d918fa9ef,7bb477077968d68aa7a6059d8d6d801fb28274da
c52b54fdc1ac1bf3c165a231f757a9ad98332917,7bb477077968d68aa7a6059d8d6d801fb28274da
4d1aee93dc22b961ecc6f0073b714c0265864060,7bb477077968d68aa7a6059d8d6d801fb28274da
d62af23e2b6f5bc1cb208cbe3f211af6c42a4ee6,7bb477077968d68aa7a6059d8d6d801fb28274da
0a3b583d7ee15cd86125a7c73ac4decffa61cfb9,7bb477077968d68aa7a6059d8d6d801fb28274da
1468207a8fc827d17d76434477016c48c85861ce,7bb477077968d68aa7a6059d8d6d801fb28274da
3dc77329a68cf0cf8da54f0bed336acbfe7da053,21042565ec941f4fa31ac5a0af85a1a84ff21f1b
7a78e7df789cc1eb485de080cdf1a2e28c5e5cb1,21042565ec941f4fa31ac5a0af85a1a84ff21f1b
0c9bf7491c7a1d67ac2edc8cbaa10a778cca567d,21042565ec941f4fa31ac5a0af85a1a84ff21f1b
93c84f8ce96259840052af5222216351fd8643e6,21042565ec941f4fa31ac5a0af85a1a84ff21f1b
fc52101da510e77a5250b5855eba004f9b671cd3,21042565ec941f4fa31ac5a0af85a1a84ff21f1b
25a5a548516dcf55c9823aca94c488864823e3ac,21042565ec941f4fa31ac5a0af85a1a84ff21f1b
a98f114ae331838b65793d1b04049e7bcd81856b,21042565ec941f4fa31ac5a0af85a1a84ff21f1b
6776ac0805298fb5ae6f6796459456aafb46000d,21042565ec941f4fa31ac5a0af85a1a84ff21f1b
941f85648775742e0c5daf92b351604f11756138,21042565ec941f4fa31ac5a0af85a1a84ff21f1b
8016c27d993e0e4edd9126dbe5ac43d40674a016,21042565ec941f4fa31ac5a0af85a1a84ff21f1b
ff9cf8c46ac90ef6ae0e539abe50d52c467bc7c8,21042565ec941f4fa31ac5a0af85a1a84ff21f1b
7a7eee8a5c73ad7d8551a058f3e88e52b198a5a7,21042565ec941f4fa31ac5a0af85a1a84ff21f1b
aab7329b642cc9eee98550fb1f074d8761940281,21042565ec941f4fa31ac5a0af85a1a84ff21f1b
e5c1e87cd4a7fad5c4518ec24f58c08494321435,21042565ec941f4fa31ac5a0af85a1a84ff21f1b
75a5831ef17b7379d617ca039bb778c0cfe295ba,21042565ec941f4fa31ac5a0af85a1a84ff21f1b
b6aad7632d5ec5e2b2806f0897b8ff0145521912,21042565ec941f4fa31ac5a0af85a1a84ff21f1b
5a0656b912974b1724453d9bbbcf9c00fe80aca3,21042565ec941f4fa31ac5a0af85a1a84ff21f1b
8415f979bf50d3eeb9d7183e193da467ecb14ca0,21042565ec941f4fa31ac5a0af85a1a84ff21f1b
0fe428c3b42ab40e4d70f2ff1601770da3132067,21042565ec941f4fa31ac5a0af85a1a84ff21f1b
4de1de462ac96244cf88cb7652fd28b0d60a8bb0,21042565ec941f4fa31ac5a0af85a1a84ff21f1b
3f17b89affd48eba719ad0a6a4a7406a72c8f813,21042565ec941f4fa31ac5a0af85a1a84ff21f1b
12e7794aed3f4cb545531452f3fdfdf0b414675f,21042565ec941f4fa31ac5a0af85a1a84ff21f1b
4cab2263a02f32628c42902766effda8d70e540b,21042565ec941f4fa31ac5a0af85a1a84ff21f1b
7c968164456bfd51c058c5a34cf864658aed8246,9b3e8d202488dc29e601fc471a25a2af9002659e
b2ccf2694ce642cb94b700fe617eec7aad663214,9b3e8d202488dc29e601fc471a25a2af9002659e
5312a064489749a56acadad509d89c64a7eebb98,9b3e8d202488dc29e601fc471a25a2af9002659e
ada86f72f949ebbdd57f53ca73988838f224860a,9b3e8d202488dc29e601fc471a25a2af9002659e
84e8bb797f4b494a878f76f981914d185cb6f058,9b3e8d202488dc29e601fc471a25a2af9002659e
ac09522ed90e51cbe21e41eec8d0bf27a4b49773,9b3e8d202488dc29e601fc471a25a2af9002659e
aa93e856153f4a6225826ce28f35c5df08122630,9b3e8d202488dc29e601fc471a25a2af9002659e
acd45cbf1c2267cf3663345ea7d322b7274ea245,9b3e8d202488dc29e601fc471a25a2af9002659e
0d95d6ca95e90ab5507e82bc0725a6e635cfcecf,9b3e8d202488dc29e601fc471a25a2af9002659e
da4aa7cf078ba5c8e7fb8c75c375609d5f046288,9b3e8d202488dc29e601fc471a25a2af9002659e
3283ceffc5ce010fbf93bb58f9fb419dcda79b98,9b3e8d202488dc29e601fc471a25a2af9002659e
9c255a643740d3afe3d72ec9c0cc4fb1439bc641,9b3e8d202488dc29e601fc471a25a2af9002659e
0cae1b38ed2cc372f92d0906cdc1d9749cfe7224,9b3e8d202488dc29e601fc471a25a2af9002659e
cf85ebd37a567d25dd3b2cb1830337e98828f4f7,09f54c64b39f5f7e7570f9f4ce3e3af544401e14
f1f9b01d2d51c81f2f0625f39a5239843e52f703,09f54c64b39f5f7e7570f9f4ce3e3af544401e14
a1c0fc517dbf325ee56ac424247dbabd95f39407,09f54c64b39f5f7e7570f9f4ce3e3af544401e14
c7345632ebe6ce9f7e2f14206d985b80bcc937db,09f54c64b39f5f7e7570f9f4ce3e3af544401e14
c69306aa1b9d115584d3a58c2b35656cd58e6a5e,09f54c64b39f5f7e7570f9f4ce3e3af544401e14
baf58cd968d169e4b1356462bd6aad162ffb978f,09f54c64b39f5f7e7570f9f4ce3e3af544401e14
790bca32acd11a3560fb26176bebf946914a11f1,09f54c64b39f5f7e7570f9f4ce3e3af544401e14
4036f6c62964a567797c55e3781885a4d3e155ac,09f54c64b39f5f7e7570f9f4ce3e3af544401e14
c0a09405786bb29acc043a05a747f347edd94dfe,a604aa1f2a2ca1a6a0b09013e71b83d36cc0f358
7f7686d2e2af4a7308fa947680f52194b8bb067f,a604aa1f2a2ca1a6a0b09013e71b83d36cc0f358
dc7f319316187a0efd45915c87ed7b0158a57c06,a604aa1f2a2ca1a6a0b09013e71b83d36cc0f358
1072e6d03a19b157356c5da57257b2b92eefc68c,a604aa1f2a2ca1a6a0b09013e71b83d36cc0f358
3ff1a16dda5644f9fb675ae1d5f7728fe7255a17,a604aa1f2a2ca1a6a0b09013e71b83d36cc0f358
a2a514ed839dafdd0fb76d6c2615f25f35bf8087,a604aa1f2a2ca1a6a0b09013e71b83d36cc0f358
6c755fc901d0b41a5d73c265f64a5aacf62e83b8,a604aa1f2a2ca1a6a0b09013e71b83d36cc0f358
2f2dcd17b3ea4a5393bed6033a90ae04580ff150,a604aa1f2a2ca1a6a0b09013e71b83d36cc0f358
e67a2817089312746d69b38ce9abfdc4b1bc69c3,a604aa1f2a2ca1a6a0b09013e71b83d36cc0f358
371a343457a4fbff00000bf4faa29b2b2f85744c,a604aa1f2a2ca1a6a0b09013e71b83d36cc0f358
341b290c41f0c5290ce9ed52848df385867a9158,a604aa1f2a2ca1a6a0b09013e71b83d36cc0f358
e9b86ce5d65b75ea527f6a0a24c8ecace0b76aac,a604aa1f2a2ca1a6a0b09013e71b83d36cc0f358
4fdfd02a28233fd6debd45df76e75bb23a4f4aaf,a604aa1f2a2ca1a6a0b09013e71b83d36cc0f358
5c47e23ec4d2d8c6641ce7671b2054a5fff1911f,a604aa1f2a2ca1a6a0b09013e71b83d36cc0f358
4a439b836f10dbde7d6a14f7c41b614905e02904,0601e9e434b30320c316c76228b97c093fa98ad6
74875e33433d2b5d82450677f32727f37e1c65fb,0601e9e434b30320c316c76228b97c093fa98ad6
a9c712f29da6e8bdd066e3018ec5fa6de8140422,0601e9e434b30320c316c76228b97c093fa98ad6
b74d3379e53796a2dcf34b416da54cf0476eec73,0601e9e434b30320c316c76228b97c093fa98ad6
3fbe1716a6097a05b07b2f7b070687c33818270a,0601e9e434b30320c316c76228b97c093fa98ad6
0da8e19468f2a304a398d6d4943e637279a9e150,0601e9e434b30320c316c76228b97c093fa98ad6
b23b1cb74c16763ec4c24c050b236b3be9878b36,0601e9e434b30320c316c76228b97c093fa98ad6
e3de50039a9c6a8afe3b9b5c9409e18a9fd6fa6e,0601e9e434b30320c316c76228b97c093fa98ad6
eb16407586444c0c089e6048d9a19bf8f90172ea,0601e9e434b30320c316c76228b97c093fa98ad6
38a8c6cb4bfd188ddd6c88b38d821c86d04364a0,0601e9e434b30320c316c76228b97c093fa98ad6
b6300a2bbc391d654a359a1c612805602d089892,0601e9e434b30320c316c76228b97c093fa98ad6
c5f907ac79e12939b020a67b55fda56bcbb1f623,0601e9e434b30320c316c76228b97c093fa98ad6
7bd7a3872ff27ee79c03b70fa1005c0eb7941ef9,0601e9e434b30320c316c76228b97c093fa98ad6
b060c055be84466db8ac542b2f05338c9f6af4b7,91d6e8ba5dd90b02fe3bd870b19da13a6167af53
3d94bf986cc4987fe9fb421a7e7bb66a9364f998,91d6e8ba5dd90b02fe3bd870b19da13a6167af53
8d518fb731d09da60fd03daa310de1ec58e404c3,91d6e8ba5dd90b02fe3bd870b19da13a6167af53
3856ef476441e30bbaa23213ebb13273fb6cfab5,91d6e8ba5dd90b02fe3bd870b19da13a6167af53
41093e42f9f35501b73eb3ed90c6d956a8c71631,91d6e8ba5dd90b02fe3bd870b19da13a6167af53
47657889aee7d73b060d6a477ba1279a2cf58a65,91d6e8ba5dd90b02fe3bd870b19da13a6167af53
fc8b8ef1c918d52dc8ca99fcc380016bea0430b1,91d6e8ba5dd90b02fe3bd870b19da13a6167af53
2a3b9ca643baebb0391dac2da41212ecb2d5f6ad,91d6e8ba5dd90b02fe3bd870b19da13a6167af53
8151af11d1ff5256ac8fb209e140f92d4d21bc22,91d6e8ba5dd90b02fe3bd870b19da13a6167af53
cd2d8794a3548eb2b37a4ccb4f41e74ecac2dc7b,91d6e8ba5dd90b02fe3bd870b19da13a6167af53
ee879c056e81471e833f221ff3aa7118972b3531,91d6e8ba5dd90b02fe3bd870b19da13a6167af53
068d28f32d8246db1346b94a6ad0e6603df2c30e,91d6e8ba5dd90b02fe3bd870b19da13a6167af53
99a5bf9d4ae20bbcda7794c2a5c223f6ca4701d3,91d6e8ba5dd90b02fe3bd870b19da13a6167af53
1e26ea09e375ca92483d9d0a6e67542d93d0f8cd,91d6e8ba5dd90b02fe3bd870b19da13a6167af53
30f8c2e86e90aee77b6ef0ed153e8e7d9841d9c0,91d6e8ba5dd90b02fe3bd870b19da13a6167af53
01a85f854e8b74c311af174e86944006e793652d,91d6e8ba5dd90b02fe3bd870b19da13a6167af53
8f21b1960a0fb6a3d8aa9f0c8f77e00bb37aacf7,91d6e8ba5dd90b02fe3bd870b19da13a6167af53
82e70f772c0495f203f193d7a8857d6543b16376,91d6e8ba5dd90b02fe3bd870b19da13a6167af53
e31388ec299f9a9e68e1d6ced66b279f7e3f4f4f,91d6e8ba5dd90b02fe3bd870b19da13a6167af53
43c4c628ebc40c68abcfef6b8b7c7f139dd2f6b1,91d6e8ba5dd90b02fe3bd870b19da13a6167af53
08c85804b7c501c19359ff40c56f31b453c4fba9,91d6e8ba5dd90b02fe3bd870b19da13a6167af53
afdc2ff3e027640987695371e0c6ed7125473bcc,91d6e8ba5dd90b02fe3bd870b19da13a6167af53
667c111b7cf7ca7ede801f28f8e5c4245a6b4c25,91d6e8ba5dd90b02fe3bd870b19da13a6167af53
8c91977e054def2c8394c4436cd4395783a8ac65,91d6e8ba5dd90b02fe3bd870b19da13a6167af53
61b47eb4fea7d0a48cc69758dc6b11411b8fd175,91d6e8ba5dd90b02fe3bd870b19da13a6167af53
9ff7207af43cb1e378d441620493016e5a1c14ba,91d6e8ba5dd90b02fe3bd870b19da13a6167af53
fdd4a9a3df1becd354a452b31106c0f7dd6394a9,91d6e8ba5dd90b02fe3bd870b19da13a6167af53
30dca090796a36e7b7ccc4dfad069b9df7a6bbbf,91d6e8ba5dd90b02fe3bd870b19da13a6167af53
5527c8aca3e9f30b2f6382ab66a83eec2757051e,91d6e8ba5dd90b02fe3bd870b19da13a6167af53
a49cb5e83990ee1a0d18ee9f57fc7e29a1ebf3c2,91d6e8ba5dd90b02fe3bd870b19da13a6167af53
5e8f4b437c3774a29221c925c6cefea6a39e3709,91d6e8ba5dd90b02fe3bd870b19da13a6167af53
4498e54ba40e1d4c9c2bdd5b91cc74d6d3a6c05f,91d6e8ba5dd90b02fe3bd870b19da13a6167af53
078518ef96320cd6f8ee5a08673daa0d80920e03,91d6e8ba5dd90b02fe3bd870b19da13a6167af53
d3d2a24651d9f102084f22754458ddd66025ea90,91d6e8ba5dd90b02fe3bd870b19da13a6167af53
f0288cf2b24af7e75dbb3bc1e85d7815fd13078d,91d6e8ba5dd90b02fe3bd870b19da13a6167af53
ac5ff123f6635871897e50e278f826ceeae576e0,91d6e8ba5dd90b02fe3bd870b19da13a6167af53
31b07ceea9316fb8b2945e8c409a18639125a9d1,91d6e8ba5dd90b02fe3bd870b19da13a6167af53
5fa148e8bfcd5fa3df05311c0ec8abb13caf1c05,91d6e8ba5dd90b02fe3bd870b19da13a6167af53
557060934349941160f6232d2e9cbd1b4471a25d,91d6e8ba5dd90b02fe3bd870b19da13a6167af53
0dc17bf8d734f246f8e590d0021b29980775b195,91d6e8ba5dd90b02fe3bd870b19da13a6167af53
6a51c9d62e028b07548efa8f27bff60c38fc3fae,91d6e8ba5dd90b02fe3bd870b19da13a6167af53
e3f5924c7a64d82b162e05dc95a699193c0f8f7e,91d6e8ba5dd90b02fe3bd870b19da13a6167af53
f30d5b597a2f81f7f54bb891c57e80eb775ede0f,91d6e8ba5dd90b02fe3bd870b19da13a6167af53
d13360904834cd096d3e1ccd306a018c9120ff89,91d6e8ba5dd90b02fe3bd870b19da13a6167af53
75538c60ccea7d138c0ef3c238f983c847b3466a,91d6e8ba5dd90b02fe3bd870b19da13a6167af53
36b75e5c071ebfd554fa1f64dc6744f32dcdb13e,91d6e8ba5dd90b02fe3bd870b19da13a6167af53
60e21b8b340159f6c07fb31092d14739ae1cd0eb,91d6e8ba5dd90b02fe3bd870b19da13a6167af53
8f363792f5d4d58acbc65e4e8071316b5e6de949,91d6e8ba5dd90b02fe3bd870b19da13a6167af53
90e44e62af895ec4628b9ab8b2a7369a99252b75,91d6e8ba5dd90b02fe3bd870b19da13a6167af53
d6eb87a49665ab931a2ad8b22b97e148f0721bfd,91d6e8ba5dd90b02fe3bd870b19da13a6167af53
17a66ae3bc1116d67a3f27a6f963632e65e4b9b0,91d6e8ba5dd90b02fe3bd870b19da13a6167af53
9d863b80cdb1b568971d044d1cb63a5553476d1a,91d6e8ba5dd90b02fe3bd870b19da13a6167af53
545c94f9731a67ec467ea70287ad5cc1b385b2dd,91d6e8ba5dd90b02fe3bd870b19da13a6167af53
63ef0a761f417b22909fac3f400a6845adb01883,91d6e8ba5dd90b02fe3bd870b19da13a6167af53
86e9b0585c8b866665de18b2744d69aefff3e16d,91d6e8ba5dd90b02fe3bd870b19da13a6167af53
a65de0ed8c043a8de2a9bfb3dc58f3f24f6cc3e3,91d6e8ba5dd90b02fe3bd870b19da13a6167af53
24cd5a53ca50fd55de8a4ac0414e4bc1ccb8bfdf,91d6e8ba5dd90b02fe3bd870b19da13a6167af53
b8ae6ae027039c675c07f2d660ae25e8ae0261b9,91d6e8ba5dd90b02fe3bd870b19da13a6167af53
5ec145f411643d68a18b606fb228d671aad2183b,91d6e8ba5dd90b02fe3bd870b19da13a6167af53
96a52029251bc07cb40cafd32d061b24201f170f,91d6e8ba5dd90b02fe3bd870b19da13a6167af53
2de2b8587185ac644156a7e4ff05d795d3fd490d,91d6e8ba5dd90b02fe3bd870b19da13a6167af53
e2344dfaa8587e3cd7938163b48a7105e8389adb,91d6e8ba5dd90b02fe3bd870b19da13a6167af53
a4cfd0158e70cb69491df54b0ae2240bd86bd9b1,91d6e8ba5dd90b02fe3bd870b19da13a6167af53
3af0844b9f383c467142b228f595c0ca4bbf4f34,91d6e8ba5dd90b02fe3bd870b19da13a6167af53
30ae84d27e90c2683d22ebb9361d6be756d55fec,91d6e8ba5dd90b02fe3bd870b19da13a6167af53
ff5280195436b9f48ed49984a1cada7adee5ea82,91d6e8ba5dd90b02fe3bd870b19da13a6167af53
b5aea8c6ebaab339b4e190decab80ab607815e8b,91d6e8ba5dd90b02fe3bd870b19da13a6167af53
6f5b4e30084334c3b23bdb27ccd3386c98fd326a,91d6e8ba5dd90b02fe3bd870b19da13a6167af53
d053e607bb31dc75f82db7e646dac2ce0a48e32d,91d6e8ba5dd90b02fe3bd870b19da13a6167af53
c73332cf77964718b7b08e119d20cc76702b90ba,91d6e8ba5dd90b02fe3bd870b19da13a6167af53
706eafd837bc2ba76d0ba7d8cf475babcc9fa5a3,91d6e8ba5dd90b02fe3bd870b19da13a6167af53
4f00435f66a3dee7d5965fe8696c56f67021f1cc,91d6e8ba5dd90b02fe3bd870b19da13a6167af53
30d032102b6d32828426a1fc6d6240e6d0568bc0,91d6e8ba5dd90b02fe3bd870b19da13a6167af53
1c1a28dad77bf3510626aa56f92a2a66c9a00b0e,91d6e8ba5dd90b02fe3bd870b19da13a6167af53
513dfeb717182f26cb58ba3778c271f4a71408e0,91d6e8ba5dd90b02fe3bd870b19da13a6167af53
659d8b24e53e8adfbcb1f16b26ada2cb8afa2c85,91d6e8ba5dd90b02fe3bd870b19da13a6167af53
04fd9c7b1d021d548dba8f28b8f5488f7231c44b,91d6e8ba5dd90b02fe3bd870b19da13a6167af53
1f4bee77bb69b92dd16ce0c3ad0f477f4ecf1d30,91d6e8ba5dd90b02fe3bd870b19da13a6167af53
501b6c76007e700e1b82f34930d24fc04709fc9d,91d6e8ba5dd90b02fe3bd870b19da13a6167af53
96d7dac37fb3f03d0d20a3488329e898060584ed,91d6e8ba5dd90b02fe3bd870b19da13a6167af53
bfdc1a7d5aab0f4bce4afc9723192937c24ef5ff,91d6e8ba5dd90b02fe3bd870b19da13a6167af53
af79311e051606bdd77d28b62578363a8dd2b169,91d6e8ba5dd90b02fe3bd870b19da13a6167af53
1f99deeb5ad9493bb9eee91ab8c7f2bd94df3c1e,91d6e8ba5dd90b02fe3bd870b19da13a6167af53
18e640460c42b2a7a0e74b514e94b24d9c782764,91d6e8ba5dd90b02fe3bd870b19da13a6167af53
6e4e15ab0d55232b93e76ddecb6c969a0d18f853,91d6e8ba5dd90b02fe3bd870b19da13a6167af53
d5112ecc5f87d27c26a0056d6343fb429f846724,91d6e8ba5dd90b02fe3bd870b19da13a6167af53
21072766b003692c21f71038f9ed7097d6331cbf,91d6e8ba5dd90b02fe3bd870b19da13a6167af53
b1706b4463701169d339c9c791cae0d4ec367b50,91d6e8ba5dd90b02fe3bd870b19da13a6167af53
ff29c696e8c9c2ea67c034eafc7017839869749b,91d6e8ba5dd90b02fe3bd870b19da13a6167af53
bb2fae2c2f24084fc3ece9001eb96041b804b1b7,91d6e8ba5dd90b02fe3bd870b19da13a6167af53
9a349a6dd0e5b04f3d6ee65f229db253f6a8690b,91d6e8ba5dd90b02fe3bd870b19da13a6167af53
4d1aee93dc22b961ecc6f0073b714c0265864060,91d6e8ba5dd90b02fe3bd870b19da13a6167af53
f8f66427dd7ee35eb0c5ab0802aa86457ee97b9e,91d6e8ba5dd90b02fe3bd870b19da13a6167af53
9acc881d4de2f5fb84d2ea86b7d4214e664bb9db,91d6e8ba5dd90b02fe3bd870b19da13a6167af53
7c2d8e89cac1aeabe916c5d70e9a1f08aabbc989,91d6e8ba5dd90b02fe3bd870b19da13a6167af53
37f3c55d25f8514b4fedef6f9a3d337c55c2406d,91d6e8ba5dd90b02fe3bd870b19da13a6167af53
c556399361a90111a0e40976c1d922fe50807299,91d6e8ba5dd90b02fe3bd870b19da13a6167af53
17ec2f83e0ef4f81eb116c93b4a9f059ff7fecdb,91d6e8ba5dd90b02fe3bd870b19da13a6167af53
580ce7f72d2257e97558bb610a28070d81bf4999,91d6e8ba5dd90b02fe3bd870b19da13a6167af53
7a81ae78767d369dfc5b9ccdc2ec8f6b3a37fad0,91d6e8ba5dd90b02fe3bd870b19da13a6167af53
2f875ae39e21fe9d7eb4cb039be570f1bfb3a2d6,91d6e8ba5dd90b02fe3bd870b19da13a6167af53
c23e9f4ceebaebe034468eb923e7f51c852879de,91d6e8ba5dd90b02fe3bd870b19da13a6167af53
ecac0b6ed742c2ac745787cbbc91825664688b9a,91d6e8ba5dd90b02fe3bd870b19da13a6167af53
2859de53b8309a1389715f54b50bc84bab9893d3,91d6e8ba5dd90b02fe3bd870b19da13a6167af53
f5a7636b5714e67e1ba3978ccbf9c867c2fc6326,91d6e8ba5dd90b02fe3bd870b19da13a6167af53
4b4851588eb6d93cbdfc5e261847053f0d205c51,91d6e8ba5dd90b02fe3bd870b19da13a6167af53
e9b43ad190b893a03bbecad693fd6b531c599c5b,91d6e8ba5dd90b02fe3bd870b19da13a6167af53
55bfda2d234bf53e619d7d2e96d5a847ef504230,91d6e8ba5dd90b02fe3bd870b19da13a6167af53
5475e0a41f3714b5045603897767681939516690,91d6e8ba5dd90b02fe3bd870b19da13a6167af53
b6aad7632d5ec5e2b2806f0897b8ff0145521912,91d6e8ba5dd90b02fe3bd870b19da13a6167af53
2fd82f98ddbf82c67a2f5ca4ca7cc4bb46373bbc,91d6e8ba5dd90b02fe3bd870b19da13a6167af53
358b4ed2086fdae25f98abe50f8237e6efe0e003,91d6e8ba5dd90b02fe3bd870b19da13a6167af53
317bcfcbc3fef7638cf5e15210018201a439c5b6,91d6e8ba5dd90b02fe3bd870b19da13a6167af53
388423474f9fd71de70c9328ca48caa26277b50f,91d6e8ba5dd90b02fe3bd870b19da13a6167af53
c3e145773ae5ef9ffa3107f21d0e5f5636f8734a,91d6e8ba5dd90b02fe3bd870b19da13a6167af53
75a8faa6861b7fdd49b36615df1835f1c4bbcb65,91d6e8ba5dd90b02fe3bd870b19da13a6167af53
dc07e38c52c3a417359e6f370da633cee94db34e,91d6e8ba5dd90b02fe3bd870b19da13a6167af53
966a47783dcb9b6866eabb921ee2c29142afdcd7,91d6e8ba5dd90b02fe3bd870b19da13a6167af53
6992f4766870557bbc5239b9a35067a8d3cab873,91d6e8ba5dd90b02fe3bd870b19da13a6167af53
ee7587284bf0c75f2a1cc3fe0c1033c3b9d4291d,91d6e8ba5dd90b02fe3bd870b19da13a6167af53
40b551e16a75449b8f59c455c9c995ba4da6ab66,91d6e8ba5dd90b02fe3bd870b19da13a6167af53
1d766ec64b914a3fee6e94079f4dd33bc5366203,91d6e8ba5dd90b02fe3bd870b19da13a6167af53
48f1234b0f58bd2c836676ec16ea3f987c918696,91d6e8ba5dd90b02fe3bd870b19da13a6167af53
da161edbd9b375553e5a2e543ac18c71dd776491,91d6e8ba5dd90b02fe3bd870b19da13a6167af53
885f7de605904133e41027e3b3901b0c47e37a7d,91d6e8ba5dd90b02fe3bd870b19da13a6167af53
877208cc374693a66154260e79cfab0127c86123,91d6e8ba5dd90b02fe3bd870b19da13a6167af53
5c057d9c33f0526945382ff3ccae9280a1215aea,91d6e8ba5dd90b02fe3bd870b19da13a6167af53
5094ac04c403bb10b87be7c2f972fa9b570db866,91d6e8ba5dd90b02fe3bd870b19da13a6167af53
cd7c5236b43ac314fded976aa33b2bc00a531f3b,91d6e8ba5dd90b02fe3bd870b19da13a6167af53
c0a600de4708875ca220317f6c8e2c84e4cef1a8,91d6e8ba5dd90b02fe3bd870b19da13a6167af53
47ec7bee077b75f8a09b2839949f79b8ac1fef2f,91d6e8ba5dd90b02fe3bd870b19da13a6167af53
2b130447a61f0f1c8c240756356fafd720e107c7,91d6e8ba5dd90b02fe3bd870b19da13a6167af53
d2aeb2d6bbd68d3755b2add58cba6c7aa2c924f1,91d6e8ba5dd90b02fe3bd870b19da13a6167af53
a6ed832f85d9624f35002638e9b51bbc3d07b829,91d6e8ba5dd90b02fe3bd870b19da13a6167af53
122a535ae02d4e0fa2512f9c3be77eae6a007266,91d6e8ba5dd90b02fe3bd870b19da13a6167af53
9e1bafe9806707721fd394b67191807286fdf880,91d6e8ba5dd90b02fe3bd870b19da13a6167af53
e7742f5f42061b038fa0238a9c0f8ff692102b89,91d6e8ba5dd90b02fe3bd870b19da13a6167af53
78641221a948bc3f71b053de224a772a0f00611a,91d6e8ba5dd90b02fe3bd870b19da13a6167af53
961265a1958bb3bc2d213031071194b4360bdc62,91d6e8ba5dd90b02fe3bd870b19da13a6167af53
998a6bf1041bf7c5849e091b052bc8ea3b93243d,91d6e8ba5dd90b02fe3bd870b19da13a6167af53
6d6b1efed8f80df0727eeafde549308a0921ddb0,91d6e8ba5dd90b02fe3bd870b19da13a6167af53
d9729516e9951c18cf79c09df5aae99a798df0aa,91d6e8ba5dd90b02fe3bd870b19da13a6167af53
cdfc4f13008ae450d977f603dd76f96b62a48b85,91d6e8ba5dd90b02fe3bd870b19da13a6167af53
e6f0889bc0a4644be52e49dd42e1ae14595805ce,91d6e8ba5dd90b02fe3bd870b19da13a6167af53
fb89cb77285a023557fb464563f04195dca1c4d3,91d6e8ba5dd90b02fe3bd870b19da13a6167af53
e8c82b23cb430d7fbb508dcc4f88ea14c92848dd,91d6e8ba5dd90b02fe3bd870b19da13a6167af53
bc096bfa3b1cec4dd53db722dab54f1bacb85c15,91d6e8ba5dd90b02fe3bd870b19da13a6167af53
8bf3daeb2832c9831387219be006188c8c780972,91d6e8ba5dd90b02fe3bd870b19da13a6167af53
d1f24fbecc5f69b341597d17929afb738444a1be,91d6e8ba5dd90b02fe3bd870b19da13a6167af53
b9246ec4a46c194ab0f07855043bd9b7a381daf7,91d6e8ba5dd90b02fe3bd870b19da13a6167af53
4338a99404a70c681f988bad4866b11dd5a6b4cf,91d6e8ba5dd90b02fe3bd870b19da13a6167af53
7d8fe8bbef117d6b5d09fb2e1232dbecad7e7298,91d6e8ba5dd90b02fe3bd870b19da13a6167af53
febbe50d95e27e99c46a0d431dffd371203e57a4,91d6e8ba5dd90b02fe3bd870b19da13a6167af53
85923e50ae656b7fe2fc38c0f4e4ee6c7743a502,33e332837e91c1048c3ed165cd16bf7607c3bf06
168b266d69069ec7f3f0e082be3643e421b08d6f,33e332837e91c1048c3ed165cd16bf7607c3bf06
6dfaf616f18ac15e3f075ad2ba64f122b905991c,33e332837e91c1048c3ed165cd16bf7607c3bf06
ea187c4d7c337729f50d178dd50de7d2e99155eb,33e332837e91c1048c3ed165cd16bf7607c3bf06
0254c56375817725be028f9832120c5ec0aa3f59,33e332837e91c1048c3ed165cd16bf7607c3bf06
30a6f758dd1b2d69ef90263ec048d28bea22b4bd,33e332837e91c1048c3ed165cd16bf7607c3bf06
35bcb89ea25012f0440116f1290576ed4347b5dd,33e332837e91c1048c3ed165cd16bf7607c3bf06
102e797701733a1fa3c1e66b0256eeb10a34ebd0,33e332837e91c1048c3ed165cd16bf7607c3bf06
9e0999a8efdc405ca0a12120fd82889fad075a73,33e332837e91c1048c3ed165cd16bf7607c3bf06
c67b1e5ed1af7a9eac30363b1f4ce45a98db2e94,33e332837e91c1048c3ed165cd16bf7607c3bf06
2d350d46244c917206d3761220db1ee758e24c08,33e332837e91c1048c3ed165cd16bf7607c3bf06
